Post ID,Post Content,Post Time
1,"
		发生了什么？元旦假期就这么结束了？？？ ​
		",2017-1-2
2,"
		今天乡里人又进城了 长见识录了几首歌 就是时间太短了 没唱够呐没唱够 元旦没能及时庆祝 推迟到今天 嗯咯 我确实不应该生你的气 我不应该把最坏的脾气丢给最爱的人 以后再也不要了 但今晚还是要和你好好聊聊 |北京·平西... ​
		",2017-1-2
3,"
元旦的尾巴 |成都·金牛... ​
		",2017-1-2
4,"
		2017年1月2日晚，同庆楼，时门元旦晚宴。认识了五位新入门的师弟师妹，和14级在校生聊了好多求职感想，听了好多时门大咖的分享与教诲。感谢时老师、师母给予我们爱的温暖！努力，努力，再努力！牢记时老师今晚的四句话:从容地奔跑；与时俱进；强烈的道德感；足够的能力！ |北京·阜成... ​
		",2017-1-2
5,"
元旦 |长沙·望城... ​
		",2017-1-2
6,"
		跨年一个人 元旦就回家了 吃了好多
		",2017-1-2
7,"
#魅友晚安# 2017 第一个假期结束，你是怎么度过的呢？关注并转发说说这次跨年你和谁一起度过的，随机送 1 份魅族定制周边。上次中奖魅友@李Sir-0704_  ​
	",2017-1-2
8,"
		2017年的新年愿望应该是，健健康康。。。。元旦必生病的劫数何时才能结束？ ​
		",2017-1-2
9,"
#卓蓝雅元旦预售转发有礼活动#曾经有份大奖摆在我眼前，而我差点错过！幸好我眼疾手快，喜大普奔！ 网页链接
",2016-12-30
10,"
#卓蓝雅元旦预售转发有礼活动#卓蓝雅元旦预售进行中，价格优惠不将就！现在预订，定金最高抵30元，抢先领券，尾款享满减。网页链接 转发有礼哦。 网页链接 ​
	",2017-1-2
11,"
		好像是第一次自己一个人独自过元旦 |东莞 ​
		",2017-1-2
12,"
元旦一件2KD的P50，也不枉幸苦一个月！ ​
		",2017-1-2
13,"
元旦快乐
		",2016-12-31
14,"
	  万博送红.包啦！关注我们并转发此微博，我们会在1月3日晚，通过@微博抽奖平台 抽八位，每位获得100RMB奖励！万博祝大家新年快乐！ ​
	",2017-1-2
15,"
		2017年元旦 ​
		",2017-1-2
16,"
		2Y8M13D 元旦去了荔湾湖公园玩，门口有个卖玩具的小摊，我好喜欢想去买，不过当妈妈告诉我那些玩具不好都是骗小孩的后，我便意志坚定的别过头快步走过小摊摊位阿姨不住的喊小孩来看看！她越喊我走的越快，头向后别的越大，仿佛只要看一眼就会被拐走了。我哪里知道，妈妈在旁已偷笑个不停了 ​
		",2017-1-2
17,"
#祺宝日常# 元旦小长假，回了一趟祺口中“好几年都没回去了的”湖州。捉鸡追狗喂鹅，搬个小板凳坐在门口晒太阳都觉得幸福满满，跟家人在一起的感觉真好！下午回宁波，祺小宝说她要在湖州呆的更久一些，小家伙喜欢这种肆意奔跑身边有很多人很多小动物的日子，妈妈也多想可以呆的更久一些！晚上乘着小家 ​
			...展开全文c
",2017-1-2
18,"
元旦假好短呀 明天又要上班了 ​
		",2017-1-2
19,"
		用吃的，元旦！ |武汉·江夏... ​
		",2017-1-2
20,"
元旦漫展终于结束啦！感谢大佬们的返图P1来自@秋庭_雪兔 超喜欢这张！P2来自@咸鱼阿文 感谢把我拍的这么好看P3@S_黄小明 感谢帮我做了明信片呀！好喜欢！P4来自@快门工-幽灵or地狱猫 我和大萌的合照嘿嘿 ​
		",2017-1-2
21,"
		2017，元旦，谢谢有你。 |长沙·湘江... ​
		",2017-1-2
22,"
元旦假期结束第一天→→😴困？累？醉？来杯每天咖啡吧！想要像个吃饱的硬汉🏻，满格的wifi🏻，充满能量的小马达吗？来湖明路每天咖啡点杯能量咖啡，再来个美味芝士蛋糕，提神醒脑解疲劳啊有木有！！！活力爆棚～满血复活！🏋🏻🏋🏻🏋🏻店址：湖滨南 ​
			...展开全文c
",2017-1-2
23,"
元旦小长假彻底结束啦，明天该上班的上班该上学的上学，早点睡 ​
		",2017-1-2
24,"
#REAL演员金秀贤#  #电影Real# 晚安哈，元旦节过完了，回归正常作息啦@金秀贤 ​
		",2017-1-2
25,"
		所以呀就不必感慨3天的元旦假期这么快就没了，看了这图…10年也真的就是一瞬间哇。。 //@乱臣盗子:十年了 //@Haseus:都是时泪//@Dr很普通的人: MIKU10周年了
		",2017-1-1
26,"
	  2007年的流行文化，十年过去了。 ​
	",2017-1-2
27,"
		157.小阿姨家回来，看见了绿皮小火车，元旦结束咯～ ​
		",2017-1-2
28,"
元旦完美收尾伸手不见五指的霾 第一次让我过家门而不入啊明天继续奋斗(话说老爸的电话温暖的不像话，不由得让我反思昨晚的任性) ​
		",2017-1-2
29,"
		波澜不惊的元旦，欣喜若狂的2017。阿姨洗铁路。 ​
		",2017-1-2
30,"
		越老越喜欢这些小东西 元旦快乐 元旦拜拜 ​
		",2017-1-2
31,"
#迎春节，送年货#元旦到，G星人们的年货准备好了吗？来Gmarket，足不出户购韩国吧~一站式购齐，省心省力，非常方便～@Gmarket_Global
",2016-12-31
32,"
#迎春节，送年货#元旦到，G星人们的年货准备好了吗？来Gmarket，足不出户购韩国吧~ 关注@Gmarket_Global 并转发微博，即有机会获得华为荣耀手机、韩国高端护肤礼盒，或年货零食大礼包哦~一起来屯年货吧 ​
	",2017-1-2
33,"
|爱情- 莫文... 昨天元旦忘发了唉 （捕获俩mini斗牛犬） |呼和浩特·... ​
		",2017-1-2
34,"
		16年发生很多事，遇见重要的人却也不得不相隔异地，佩服你一个人度过考研的漫长岁月。17年元旦有武林广场的跨年，有霸王餐的款待，有登高的排遣，假期太短恍然如梦，想问还有多久多久你才能一直在身边。 |杭州·庆春 ​
		",2017-1-2
35,"
#你转发我送礼 汇居网元旦有礼#我已经错过了拯救世界的机会，但绝不能再错过它，这份超值大奖！ 网页链接
",2016-12-27
36,"
	  抱歉，由于作者设置，你暂时没有这条微博的查看权限哦。查看帮助：http://t.cn/RfdBWwP ​
	",2017-1-2
37,"
元旦过了，要放假了，离课堂远了，也离挚友远了，无论哪方，请你务必思念我！___ 致大学  晚安 ❤ ​
		",2017-1-2
38,"
元旦三天都没有一个小伙伴喊我出去玩.... ​
		",2017-1-2
39,"
#2016# 忙碌的一年，收获的一年！看了几本书、几场电影、几部电视剧，走过4个国家，买了一套房，工作岗位稍有变化，元旦联欢抽中特等奖（十几年来第一次），小吴的成绩开始触底反弹，我所爱的人平安健康！感谢我生活中遇见一群好伙伴！@盛夏的牛牛1985 @bear_no_2 @灵灵1981 @香香cgx @水上百合lily ​
			...展开全文c
",2017-1-2
40,"
		我千玺就这样被埋没了，哎 //14年的元旦，千玺在学乐理编吉他和弦中度过，不久后在学校表演了吉他弹唱；14年的夏天，千玺在偶像手记被拍到iPad桌面有好几个学吉他的软件；14年的冬天，千玺唱的《宝贝》是自己配的吉他伴奏……但就因为某个扶不起的阿斗只会用速成吉他装逼，千玺再也没机会展示。
		",2017-1-2
41,"
	  抱歉，此微博已被作者删除。查看帮助：|为何微博里...
",2017-1-2
42,"
元旦放假，带你去游泳，玩蹦极，你越来越像个大孩子了，会和我交流你的喜怒哀乐，会跟我撒娇卖萌，还会装出小小男子汉要保护我，宝贝，每次出来陪你虽然很累，但我真的很开心很幸福 ​
		",2017-1-2
43,"
元旦小长假就这样过了，陪着我可爱的小伙伴玩了一天，也算一个新开始！后面就等放寒假了，下次再耍哟 ​
		",2017-1-2
44,"
元旦旅游 愉快的结束啦！ |石家庄·河... ​
		",2017-1-2
45,"
元旦三天假。。。感觉读了四天的书还听了很多的歌明天该工作的工作，该上课的上课，回家的孩纸们该玩的玩！而我，七点早起，七点半出门，八点开始考试，连着两门到十二点，真爽明天一定是熊猫眼阿阿阿！希望明天考试一切顺利～一定要都考我有看到的哦 ​
		",2017-1-2
46,"
元旦过得猴开心续满剩下过年前的能量啦ヽ(〃∀〃)ﾉ谢谢家人和亲故们2017起来！ ​
		",2017-1-2
47,"
元旦没去这次漫展真的有点亏了 错过了一只这么帅的二少@请叫我隆兄  |南京·南大... ​
		",2017-1-2
48,"
		这个元旦很特别！被家人拉去第一次相亲、然后吃饭！所有的都在无奈尴尬懊恼中度过～现在躺在床上还得编辑一套说辞，怎么不伤害到人家，礼貌委婉的拒绝！我想自己寻找自己的幸福，我不想将就～我不想草率的决定我的未来，我心中最重要的他，我真的不想～ ​
		",2017-1-2
49,"
元旦期间带着爸妈沙家浜一日游! |常熟·常熟... ​
		",2017-1-2
50,"
		喜迎元旦跨年钜惠 ​
		",2017-1-2
51,"
#元旦大礼包1888元，转发豪礼#我已经错过了拯救世界的机会，但绝不能再错过它，这份超值大奖！ 网页链接
",2017-1-2
52,"
#元旦大礼包1888元，转发豪礼#不花1分钱，就可以看到自己未来的家，私人定制，小户型不蜗居，69㎡变96㎡（快来试试>>>网页链接） 网页链接 ​
	",2017-1-2
53,"
		晚上到学校跟室友去看元旦晚会，工商一直给人大家庭的感觉，这很难得！去晚了还有个好位置，感恩。这个晚上，有意外有感动，有哭有笑，太棒了 |郑州·河南... ​
		",2017-1-2
54,"
		现在是2017年1月2号，离元旦结束还有4分钟，我现在在等消息，可以这么说我等了快几年的消息了，自从以为这样我就能没事儿了，现在也知道什么叫根深蒂固，我不想把这些话写进我的日记，憋着很难受，发出来不是我一个人知道就好，如果要说真的消失，我怕是要丢失了一个世界，如果我没有真的存在过，我又 ​
			...展开全文c
",2017-1-2
55,"
		翻QQ看到，记不清是大学哪一年拍的写真，记忆有时候褪色也很快。删掉了微博和QQ里很多早该忘记的东西。元旦室友聚会，她们都说：“”你该翻篇了，那么久了！”是的，感谢2017让我的生活有了新变化。 ​
		",2017-1-2
56,"
		踩住元旦的尾巴。回家在大姑家待了三天，她使劲儿给我弄肉，恨不得让我长几斤；婆婆睡觉对我说了一些让人泪目的话，唉，我会尽力的；见到打工回家的爸妈，爸爸说我和弟娃是俩要饭的；陪弟逛街偶遇新同事，缘粪不得了；回绵阳飞哥来接的我，然后去约了饭，他说也算一起过了元旦，哈哈哈。 ​
			...展开全文c
",2017-1-2
57,"
#多言多语#一个元旦，看完了沈石溪动物小说鉴赏系列的两本《狼王》和《月光森林～狐狸的故事》，今天临睡前开看《火焰冰～狐狸的故事》，睡觉时忽然害怕：我好怕家里进来杀人犯把我们杀了，《狼王》里有这样的，还有血衣。我：放心吧，门窗都锁好了，坏人进不来，而且爸爸很勇敢，有坏人也能打跑。多： ​
			...展开全文c
",2017-1-2
58,"
		路人那侧：路人那侧 如果地球停止了自转，也会有昼夜更替，但是周期不是一天会是一年。 元旦那天群里有人开玩笑说祝大家2018元旦快乐，虽然17年元旦就好像在昨天。玩笑的一句话也难免让人有恍...文字版>> 网页链接 （新浪长微博>> |还在为微博...） ​
		",2017-1-2
59,"
#扫脸领红包，搭讪过元旦# 寻找身边符合线索的红包脸，拍照识图—快速读心术，来自最懂你的@360手机助手网页链接 ​
		",2017-1-2
60,"
		2017.01.01谢谢老公陪我和家人一起过元旦 ​
		",2017-1-2
61,"
		开心的元旦假期你一直在 ​
		",2017-1-2
62,"
		圣诞一个人过，元旦一个人过，有种期末你也让我一个人过啊！ ​
		",2017-1-2
63,"
		纪念元旦 |湖州 ​
		",2017-1-2
64,"
		三个元旦假期，解决了战斗，@整点读书 #巨人的陨落# ​
		",2017-1-2
65,"
		小记下元旦这两天还有晚来的祝福 祝大家元旦快乐～嘿嘿 ​
		",2017-1-2
66,"
#卓蓝雅元旦预售转发有礼活动#曾经有份大奖摆在我眼前，而我差点错过！幸好我眼疾手快，喜大普奔！ 网页链接
",2016-12-30
67,"
#卓蓝雅元旦预售转发有礼活动#卓蓝雅元旦预售进行中，价格优惠不将就！现在预订，定金最高抵30元，抢先领券，尾款享满减。网页链接 转发有礼哦。 网页链接 ​
	",2017-1-2
68,"
元旦你去哪儿了？ 医院 元旦过得开心吗？ 开心~ ​
		",2017-1-2
69,"
元旦假期 圆满结束 ​
		",2017-1-2
70,"
		亲子幼儿园元旦晚会 ​
		",2017-1-2
71,"
		2天吃2天玩，也算行程满满的元旦。 ​
		",2017-1-2
72,"
#元旦有惊喜#我是一个知足常乐的人，我期待着生活中的小惊喜
		",2016-12-30
73,"
#元旦有惊喜#新年新气象，建信祝您新年快乐，好礼送给您! 网页链接 ​
	",2017-1-2
74,"
		【2016年总结】人家都跨年或元旦写，由于我冷落微博许久，从今儿常来更新以跟上年轻人的步伐。2016年完成上映一部电影，已制作完第二部电影《茶宠》，第三部电影还在制作中。学会了长板，完成两学期街舞课。长短不一的旅行四次。书...额...都是半本。好像浮躁了很多，今天抽空画了四个小时才让自己平静 ​
			...展开全文c
",2017-1-2
75,"
		迟来的圣诞+元旦礼物！话说这条UrBeats是买来吃的么？ ​
		",2017-1-2
76,"
元旦大家玩得开心吗？ 元旦收假咯... ​
		",2017-1-2
77,"
#一起过元旦#如此低投入高回报的有奖转发活动怎可少了我！这不科学！拼人品的时候到了
		",2016-12-29
78,"
	  2016，渐行渐远，掬一束阳光，撒一把欢笑，生活依然萌动。新年伊始，你对新的一年有什么新的展望呢？安吉发布与你一起同绘五彩生活，记录下2017年你的希冀和愿想，就有机会获得我们送出的新年大礼一份。 网页链接 ​
	",2017-1-2
79,"
元旦就这样过去啦 过去啦 过去啦 ​
		",2017-1-2
80,"
元旦三天假结束，为嘛我觉得12.31过得最开心捏。2017年第一第二天我干了些啥像失忆了一样。明天上班日，新年新气象的爆棚感觉估计要到大年初七才能体会到了。 ​
		",2017-1-2
81,"
		大姨妈快来了，这个元旦胡吃海塞胖了四斤！对！四斤！！！而且！！！我两个口腔溃疡，上下嘴皮儿各一个！！！还有！！！两个又红又肿的痘痘，分别位于上嘴唇边缘和下巴！！！导致我侧面鼻子以下都变立体了！！！我烦死了！！！上班的勇气都没有！！！下周我谁都不见，不要约我，我丑到爆了！！！ ​
		",2017-1-2
82,"
		2017元旦三天的假期放完了，明天开始好好上班吧 ​
		",2017-1-2
83,"
元旦假期就这样在逛吃逛吃中结束了大家新年快乐哟 2017 继续一起 ​
		",2017-1-2
84,"
元旦快乐
",2017-1-1
85,"
元旦的第一场活动结束了[加油] 离开扬州跟 @coser钟少 前往太原 答应你们今天一定会有（自拍 ）凑不成九宫格了 明天太原见
		...展开全文c
",2017-1-2
86,"
#TFBOYS##牵起添福手,幸福一七走# 元旦假期结束了——虽然跟我没啥关系……以上，是为了强行十五字……见到的草妹快帮我评论个晚安，来增加帖子回复量！@TFBOYS组合 ​
		",2017-1-2
87,"
		好习惯养成100天之D6:元旦放假最后一天参加“DIY一个蛋糕，一份小食，一场交流，一篇作文”在实践中学习写作，午后完成作业并复习语英科！ ​
		",2017-1-2
88,"
		开心快乐的元旦假期：Day 1早上睡到自然醒，起来吃过早餐，把前些天读到一半的书读完。到了午饭时分，穿上外套，出门吃午饭。吃完简单的午饭，决定用逛街的方式来散散心，于是去了繁华的购物...文字版>> 网页链接 （新浪长微博>> |还在为微博...） ​
		",2017-1-2
89,"
		变成阳仔~puls~回来了🙈🙈（ps:这个元旦很嗨皮~谢谢你们的陪伴） ​
		",2017-1-2
90,"
元旦I DO阴阳师，你们成功上鸟车了吗哈哈 ​
		",2017-1-2
91,"
		致2017｜我不怕多受几次伤，我不会变得更糟糕 ——但愿我会懂，该何去何从。​——在2017年的第二天，我不要再立志、许愿、下狠心——我自己也知道，元旦发的誓，春节还没到就忘光了。  该少吃少吃，该工作工作，去年穿得进去的衣服今年还要继续穿，去年负担得起的东西今年照样能负担。有序地 ​
			...展开全文c
",2017-1-2
92,"
说好要把刑法在元旦之前看完的，此刻有一种深深的罪恶感，自制力太差惹。 ​
		",2017-1-2
93,"
#卓蓝雅元旦预售转发有礼活动#曾经有份大奖摆在我眼前，而我差点错过！幸好我眼疾手快，喜大普奔！ 网页链接
",2016-12-30
94,"
#卓蓝雅元旦预售转发有礼活动#卓蓝雅元旦预售进行中，价格优惠不将就！现在预订，定金最高抵30元，抢先领券，尾款享满减。网页链接 转发有礼哦。 网页链接 ​
	",2017-1-2
95,"
		第15个晚安元旦三天假期就这么睡过去了，期间能看到本命的活跃表现也是很开心的，接下来工作三天休息一天再工作半天，漫长的寒假就在等我啦！虽然依然感觉不够用_(:зゝ∠)_ ​
		",2017-1-2
96,"
元旦假期过去了，两个小朋友盼来了一对双胞胎哥哥就拿这几张照片给自己过生日啦，都忙忘了，没想到微博擅自帮我发了那么一条也是十分感谢大家给我的祝贺！无以为报，十分不好意思_(:3」∠)_ ​
		",2017-1-2
97,"
		2017年第一个小长假已经结束，明天就要正式上班了！元旦这三天，你最大的感触是什么呢？🤗这是一道选择题。1、人特别多2、人超级多3、好多人都去万达了4、三天把我这一辈子见过的六安人都见了一遍。可以多选😆 ​
		",2017-1-2
98,"
		终于搞定一切，可以睡觉了忙忙碌碌的元旦假期，主题还是小家伙的身体。对于新年，最大最真实的愿望就是家人平安、健康。 ​
		",2017-1-2
99,"
		江苏太仓副市长元旦坠亡 亲属称其近来身体不好！！这些年无数副市长跳楼！！我被贪官欺诈几千万！！明显抑郁！！身体不好！！但是！！自古艰难唯一死！！何况！！我根本不服！！ ​
		",2017-1-2
100,"
|自律改变人...元旦假结束。明天论文洗澡和总结计划都搞起来。哦，晚上还有师父的课。这个假期……唉。 秒拍视频 . ​
		",2017-1-2
101,"
		研会内部元旦晚会 |秦皇岛 ​
		",2017-1-2
102,"
元旦 ​
		",2017-1-2
103,"
#一起过元旦#好活动要支持！^_^
		",2016-12-28
104,"
	  2016，渐行渐远，掬一束阳光，撒一把欢笑，生活依然萌动。新年伊始，你对新的一年有什么新的展望呢？安吉发布与你一起同绘五彩生活，记录下2017年你的希冀和愿想，就有机会获得我们送出的新年大礼一份。 网页链接 ​
	",2017-1-2
105,"
		跟去年和前年的元旦不同，今年没有安排去跑马，一来节前有些杂事，二来大鹏跟夏马都已跑过，且没有新意！东极抚远有实在太冷，去年跑个野鸭湖半马已使我胆寒北京持续的雾霾让我以酒友换跑友，结果是酒肉穿肠过，肥肉身上留，我似乎都能听见肥膘在体内快速生长的声音了好在跑步有间歇，雾霾 ​
			...展开全文c
",2017-1-2
106,"
		《江苏太仓副市长元旦坠亡 亲属称其近来身体不好》：据太仓发布1月2日晚通报，江苏省太仓市人民政府副市长朱万里于1月1日坠亡。官方通报称，据其家属反映，近阶段朱万里身体状况不好。…国家有医保，太仓有医院，你也太对不起太仓的百姓啦！ ​
		",2017-1-2
107,"
		這個元旦假期，真系寫意充電十足，2017第一個節目就系同你北上按摩，認真梳乎。今日又晨早同哂至親飲早茶，真系好鬼正呀！听日就要復工啦，新ge一年要更加努力，愛情咁得意，事業都要學愛情啦剛剛媽咪同老豆話只要我願意每晚系12:00前訓，一個月醒我一千，要唔要賺多兩千做零用錢呢 ​
		",2017-1-2
108,"
		过了最惬意的三天元旦 希望新年里可以多些潇洒 可以多些挑战 然后再多些牵绊。有人爱 有事做 就是好的。 ​
		",2017-1-2
109,"
		我发表了头条文章:《元旦假期骑行与矫情篇》 |元旦假期骑... ​
		",2017-1-2
110,"
#扫脸领红包，搭讪过元旦# 寻找身边符合线索的红包脸，拍照识图—快速读心术，来自最懂你的@360手机助手网页链接 ​
		",2017-1-2
111,"
元旦在家的各种吃吃吃#冬日暖滋味# ​
		",2017-1-2
112,"
元旦快乐 |合肥·肥西... ​
		",2017-1-2
113,"
元旦结束。请期待寒假 ​
		",2017-1-2
114,"
		有趣，等大Y8有国际客运航线了也可以玩次穿越@扬子江航空 『穿越时空的航班 2017元旦起飞 降落却是2016年』|穿越时空的... ​
		",2017-1-2
115,"
元旦的怀旧之旅到此为止，去了101，回味了爱迪。老杨已经过上了所谓平凡的日子，长腿竟然陷入了强哥的怪圈，而我还在原来的怪圈里没有出来。一瞬间发现，整个世界已经变了，唯独我还停留在原地，可是时间都去哪了？没有新的朋友，没有新的爱好，所有的一切都是旧的，恐怕真的是要溺死在回忆里了。什么 ​
			...展开全文c
",2017-1-2
116,"
		分享苏运莹的单曲《知足 (原唱：五月天)》: 网页链接 (来自@网易云音乐）没错这是个有意义的元旦，感恩一切 ​
		",2017-1-2
117,"
#青春未晚安#元旦小长假结束啦接下来就是紧张的考试周希望大家科科不挂呀，晚安 ​
		",2017-1-2
118,"
#手写微博# 还有元旦联欢会~
		",2017-1-2
119,"
#studyaccount##study account#    🔹元旦联欢会非常热闹，感觉我们班是最后一个走的，班主任又劈叉，很强势    🔹重温失恋巧克力职人，十元小妖精可爱，润润好看❤红白歌会，村花和爱拔拔都超可爱  🔹手帐排版参考@菌哥哥呵  ​
	",2017-1-2
120,"
		放个元旦假期感觉好像直接跳过期末过年了一样…… ​
		",2017-1-2
121,"
		发表了博文《七律&bull;丁酉元旦咏怀》七律·丁酉元旦咏怀刀锋不利刃重磨，倚竹虚怀沧海波。中岁十舒陶令柳，少时三抱骆家鹅。冰心撰志凭长啸，鹤发行吟作浩歌。不使汗青空落泪，男儿岂可愧山河。|七律•... ​
		",2017-1-2
122,"
		用我的凡凡和买家秀@NanaStore微博 结束欢脱的元旦。这世界很大，这世上的人很多。来去是缘，只愿这是个新的开始。 ​
		",2017-1-2
123,"
#元旦有惊喜#一定要HOLD住！一起来抢啊!
		",2016-12-30
124,"
#元旦有惊喜#新年新气象，建信祝您新年快乐，好礼送给您! 网页链接 ​
	",2017-1-2
125,"
		陪失恋的古杨喝酒，终于得知分手原因：刘安安是个美女网红，但自认为笑起来不好看，所以网上流传的照片都走冷艳路线。他却觉得她的笑容明艳动人，突发奇想打算让她的粉丝都看到。刘为了元旦直播筹备良久，不料古杨贸然闯入，脱了她的鞋子挠她脚心，害她在直播中形象扫地。听完我们立即把他踹进了江里。 ​
		",2017-1-2
126,"
#2017元旦狂欢 点点消送您长隆神奇动物之旅#意盎然的季节！祝愿大家都生机勃勃，郁郁葱葱！
		",2017-1-1
127,"
#2017元旦狂欢 点点消送您长隆神奇动物之旅#转发此微博，即有机会获得广州长隆动物世界门票！一起去看萌萌哒熊猫三胞胎吧还有小星星抱枕等你拿[抱抱_旧][抱抱_旧]参与即送2个彩虹刷哦 网页链接 ​
	",2017-1-2
128,"
元旦放假5天这么快过去了 ​
		",2017-1-2
129,"
#徐海乔# 本来呢，2个小时前就该睡了，结果，刷首页，刷！刷！刷！刷话题，刷！刷！刷！除了说颜的，就是说品的，不然就是说瘦的，还有说元旦应援的，总之就是，海乔特别好，看了一次好想看第二次，喜欢了就会一直陪伴，未来一起走，还有，徐海乔，我们好爱你，真的真的好爱你，特别特别爱你，喜欢你我 ​
			...展开全文c
",2017-1-2
130,"
#管闲事联盟# 佳荣家具广场➕大众家具广场12月17日——1月3日“狂欢圣诞•喜迎元旦”惊喜来袭！买家具赠现金，多买多赠，钞票送不停💸💸💸买家具赠电器微波炉、电烤箱、无油炸锅、滚筒洗衣机，轻松️！29年我们只专注家具！29年我们依然明码实价！🙋咨询️1 ​
			...展开全文c
",2017-1-2
131,"
		【广西登顶中国电竞最强省份！NESO各项冠军出炉】2017年元旦，由国家体育总局主办、网映文化NEOTV承办的国内唯一全运会模式NESO2016全国电子竞技公开赛在深圳圆满闭幕。|网页链接 ​
		",2017-1-2
132,"
		这个时间，爸爸已经呼呼睡觉啦，妈妈现在抱着我睡觉觉呢，最近这几天就想让妈妈抱着睡，好温暖呀，她一放下我，我就醒没办法啦，只能抱抱啦！昨天元旦，去奶奶家啦，他们家有点冷，我可能有感冒啦，一直流鼻涕，希望明天能好 ​
		",2017-1-2
133,"
#济南身边事#【重污染天气 济南部分学校3日停课一天】1月2日早上6点，山东继续发布大雾橙色预警信号和霾橙色预警信号。元旦三天假期后，随着重污染天气情况逐渐加 重，“3日到底上不上课”成了不少家长关心的话题。2日晚22点，省城部分学校确定3日停课一天。据悉，截至2日晚22点30分，包括经十一路小学 ​
			...展开全文c
",2017-1-2
134,"
元旦两天记录 ​
		",2017-1-2
135,"
		预想中，本来觉得元旦这三日假，应该会过得很幸福、很甜蜜才对～然而理想和现实一直都是相反的～无所谓，既然我在你的心中那么的不重要，那以后你在我心中也可有可无～ ​
		",2017-1-2
136,"
元旦假期已过收拾好心情好好上班，一个人照样可以游山玩水看风景，快过年了加把油给把劲努力努力出个好业绩，过个舒服年，今年去没有去过的地方走走看看。 ​
		",2017-1-2
137,"
		好久没吃火锅，终于开荤了，好久没有被辣得这么幸福～元旦节最开心的就是今天了，因为是少女啊 ​
		",2017-1-2
138,"
		不知道自己摄影算入门没入门，元旦假期外出拍了些～～头两张是傍晚，第一张其实挺喜欢，但无奈中间的电线怎么也避不开～后两张接近正午，阳光有些猛，好在天气不错～求老师点评#照片点评#@蜂鸟微课堂 ​
		",2017-1-2
139,"
#山东要闻# 【元旦假期山东旅游“开门红” 新业态景区表现最活跃】 2017年的首个小长假，山东旅游实现“开门红”。记者从山东省旅游发展委员会了解到，纳入全省监测的150家旅游景区接待游客195.3万人次，增长10.7%，营业收入13501.9万元，增长14.3%。除了数据亮眼，旅游消费市场的结构性变化更引人注目 ​
			...展开全文c
",2017-1-2
140,"
元旦假期结束，带着孩子，做着烘焙，朋友小聚，简单充实快乐，开了一个好头，新的一年就顺着这个势头过日子就好，平平安安，喜乐和顺。 |成都·西南... ​
		",2017-1-2
141,"
		什么跨年，什么元旦，都只有我和宝宝在家乖乖呆着吧，我陪宝宝，宝宝也陪伴了我 |银川·金凤... ​
		",2017-1-2
142,"
元旦补图~穿越人潮来看@梁漢文edmond 剩下就是吃吃吃 🍥🍤🌮🌯原谅这是一个爱吃的博🌝 ​
		",2017-1-2
143,"
元旦特辑｜小小的我，想要许你大大的梦 |元旦特辑｜... @广州大学学生会新网部 @广州大学团委 ​
		",2017-1-2
144,"
		还想向天再借五百个元旦(⚭-⚭ )啊 七个小时以后又是一条咸鱼了 ​
		",2017-1-2
145,"
		从元旦到今天真的很开心一点都不会担心挂科。感谢遇到你们。 |沧州·爱ta... ​
		",2017-1-2
146,"
#从你的元旦路过#曾经有份大奖摆在我眼前，而我差点错过！幸好我眼疾手快，喜大普奔！ 网页链接
",2016-12-29
147,"
#从你的元旦路过#元旦已近在咫尺，或许你还在为该给热恋中的TA或者作为挚友的TA送什么礼物而发愁。但是现在，布哥已经想到一个再适合不过的答案。转发本条微博就有机会获得#MedSPA维生素原B5修复喷雾#哦~让这份礼物承载着你的心意送入TA的手中吧 网页链接 ​
	",2017-1-2
148,"
元旦回顾：共运动6小时，看了重庆森林和雏菊，追完了傲骨贤妻。2016年经历了辞职，毕业，换工作，变肥10斤，然后，依然单身。心境心情都不淡定。希望2017年慢慢好起来 ​
		",2017-1-2
149,"
元旦假期即将到期，随之而来的是大量的题海。快考试了，也快过年了，小伙伴们你们准备好了吗？！用优异的成绩来回报2016不断努力的自己，来迎接2017更美好生活的到来！一起加油吧！！ ​
		",2017-1-2
150,"
#你转发我送礼 汇居网元旦有礼#如此低投入高回报的有奖转发活动怎可少了我！这不科学！拼人品的时候到了 网页链接
",2016-12-27
151,"
	  抱歉，由于作者设置，你暂时没有这条微博的查看权限哦。查看帮助：http://t.cn/RfdBWwP ​
	",2017-1-2
152,"
元旦 西单 |北京 ​
		",2017-1-2
153,"
元旦没出北京，结果嗓子就发炎了🤢🤢🤢 ​
		",2017-1-2
154,"
		评论孔祥新 的博文【2017元旦警梦】："" 瞻望新岁，一七都顺利。明天上班，开工大吉利。""查看原文：|2017元旦警... ​
		",2017-1-2
155,"
		有您元旦跨年演讲视屏的链接吗？有的话发我下。 //@罗永浩:转发微博
		",2017-1-2
156,"
	  新年活动期间，前往锤子科技官方商城或锤子科技天猫官方旗舰店购买指定款 Smartisan M1/M1L，即可获赠价值最高达 248 元的 Smartisan 官方配件组合，欢迎选购。购买链接：网页链接 ​
	",2017-1-2
157,"
元旦结束啦 闽清见各位 ​
		",2017-1-2
158,"
		圆蛋告诉你谁才是元旦#年末穷开心##搞笑幽默# 秒拍视频 . ​
		",2017-1-2
159,"
#宁泽涛#  涛涛，今年这个元旦小长假即将结束，你开心，所以我们也开心，希望接下来你一切顺利、如意！晚安好梦！
",2017-1-1
160,"
	  2017, 创造属于我们的时刻。 ​
	",2017-1-2
161,"
		今天就到这里了，元旦结束了，春节还会远吗？晚安啦 ​
		",2017-1-2
162,"
		江苏太仓副市长朱万里元旦坠亡 亲属称其身体不好_腾讯网触屏版 |网页链接 ​
		",2017-1-2
163,"
#从你的元旦路过#强烈支持转发。转发此微博:期待~
		",2016-12-29
164,"
#从你的元旦路过#元旦已近在咫尺，或许你还在为该给热恋中的TA或者作为挚友的TA送什么礼物而发愁。但是现在，布哥已经想到一个再适合不过的答案。转发本条微博就有机会获得#MedSPA维生素原B5修复喷雾#哦~让这份礼物承载着你的心意送入TA的手中吧 网页链接 ​
	",2017-1-2
165,"
#酷艾英语全年团#Day2 昨晚肚子痛，折腾到两点多才睡，今早没有按时起床今天从早晨十点半开始讲课，一直讲到晚上八点，整体来说今天讲课亲和力强，课堂氛围和学生反馈都比较好！晚上聚餐回来学习了今天内容。明天开始我真正的元旦假期！希望能坚持学习下去！@艾力酷艾英语 ​
		",2017-1-2
166,"
#元旦萌娃拯救猪老爸#票房大卖
		",2016-12-28
167,"
#元旦萌娃拯救猪老爸# 爱搞机的手姐来助威！萌猪战队出行，我们要去拯救全世界啦~12月31日起全家一起去影院看《猪猪侠之英雄猪少年》了！更能提前听到#易烊千玺# 千式苏音，看到这位努力少年的蜕变与成长！关注@乐视影业 @京东手机通讯 转发并送上祝福，即有机会获得易烊千玺官方限量版同款配音玩偶！ ​
	",2017-1-2
168,"
		2017年元旦动漫嘉年华 ​
		",2017-1-2
169,"
元旦休息就是各种吃啊 |太原 ​
		",2017-1-2
170,"
		慌张的度过了元旦假期前两天，第三天在大亮的勤劳努力下弄好收尾啦，还是决定出去吃饭看个，弥补一下下，这几天收到了大亮亮送的珠子和手镯，珠子以后慢慢加，完美的2017，元旦快乐哦！ ​
		",2017-1-2
171,"
元旦图占，截了这个，不知是否有所箴讳，今年还是谨慎行动为好 ​
		",2017-1-2
172,"
元旦～伊金霍洛旗～马奶湖 ​
		",2017-1-2
173,"
		某货元旦去苏州玩今儿特意去张家港捎上我一起回南京然后俩人屁颠屁颠的又去新街口吃饭 酸汤肥牛好吃但是没有学校的好吃好想念那个味道回宿舍后我刷题 那货说陪我 等我做完题已经不吱声了 简直是…晚安🙃 |南京·小行 ​
		",2017-1-2
174,"
		新年伊始就臭到哭，元旦放假没有师兄师姐的实验室辛酸的连口罩都找不到，除了堵鼻孔我还能做些什么 ​
		",2017-1-2
175,"
		我的元旦节 |重庆·欣阳... ​
		",2017-1-2
176,"
		这次元旦都没在家过 去给妈妈打电话了
",2017-1-1
177,"
	  新年了 祝新年快乐 大家也要好好吃饭哟 ​
	",2017-1-2
178,"
元旦1.1号集邮篇～   p1:小银子(大长腿)@MF_银子 ，  p2:菌～(帅帅哒，) @kuha菌今天也要努力修炼  p3:银子的妹妹小绵羊～咩！ p4:蛋蛋(萌妹！) @好吃的蛋蛋i  ​
			...展开全文c
",2017-1-2
179,"
		【江苏太仓副市长朱万里元旦坠亡，亲属称其身体不好】原标题：情况公告据@太仓发布1月2日晚通报，江苏省太仓市人民政府副市长朱万里于1月1日坠亡。官方通报称，据其家属反映，近阶段朱万里身体状况不好。通报称，1月1日上午9时27分，太仓市公安局110接报： （分享自 @凤凰网） |网页链接 ​
		",2017-1-2
180,"
元旦最后一天，见到了2年没见的闺蜜和多年没见的同学，从白天玩到了黑夜，从白天聊到了黑夜，吃海底捞吃到了撑，想起了高中时候的同学各种事情。重游了故宫，相中了葫芦，我会去买的。2017的开始就这么开心，相信是个不错的一年，期待我们更多的聚会。 ​
		",2017-1-2
181,"
元旦三天完全献给了2112016，浪了一年，临近末尾紧张了一把2017，好好生活，多读书，多运动又过了一年，离毕业又近了 |济南 ​
		",2017-1-2
182,"
		这个星期要以刘海示人，等额头上的痘印消掉了以后再说！元旦过完就等着过年了！我好饿，快快睡觉，明天去吃早饭！ ​
		",2017-1-2
183,"
		发表了一篇转载博文《[转载]天津市评剧白派剧团祝广大戏迷朋友2017年元旦快乐！》|[转载]天津... ​
		",2017-1-2
184,"
		Jaden，过了元旦你就快四个月了，按照老家的算法你已经两岁了。你的性格越来越像爸爸小时候，爱哭、胆小、有点小情绪。这是你人生第一个元旦，爸爸妈妈奶奶在对你的睡眠质量焦虑的过程中度过，请原谅我们的经验不足，还在探索把你带得更好的方式，妈妈和奶奶真的很用心、很辛苦。记录下这些点滴是希望 ​
			...展开全文c
",2017-1-2
185,"
#2017再出发#12点了，我的元旦假期结束啦 |福州·学生... ​
		",2017-1-2
186,"
		《滨海时报》发表元旦社论：《在协同发展中书写开发开放新篇章》。社论总结肯定新区在刚刚过去的2016年里取得的不平凡的业绩，提出新区2017年的工作思路和重点举措，号召全区人民团结奋斗，奋力进竞，撸起袖子加油干，在建设京津冀协同发展示范区和实现国家赋予新区功能定位的伟大实践中建功立业！
		",2017-1-1
187,"
	  【《滨海时报》今日发表社论——在协同发展中书写开发开放新篇章】#滨海资讯# 《滨海时报》今日发表社论《在协同发展中书写开发开放新篇章——代新年献词》 ​
	",2017-1-2
188,"
元旦的迪士尼之旅圆了那个童话梦 |香港特区·... ​
		",2017-1-2
189,"
#补记# 2017年元旦，新年第一天，带她俩赶着人潮去了长风海洋世界，虽然很累，但有了孩子之后觉得是她们带着大人们寻开心，跟着她们去看世界，重新弥补一遍自己童年的缺失，我很喜欢这一切。下次你也得给我拍一张一手牵一个娃的有爱照片。@沫沫八宝粥 ​
		",2017-1-2
190,"
#马振桓# #SpeXial-Evan馬振桓# #终极三国2017# @SpeXial-Evan馬振桓 元旦太忙都没有假的粑粑都快迷失了一点儿一点儿补
		",2017-1-1
191,"
	  2016Bye Bye，2017Hi Hi！新年快乐，晚安：） ​
	",2017-1-2
192,"
元旦三天假期，在佛山逛金融城、去丰和吃鱼羊鲜，在柴火江湖上牌桌，新的一年，继续茁壮成长 ​
		",2017-1-2
193,"
#元旦有惊喜#心平如境是一种修养，顺其自然是一种超脱，希望这次活动会被幸运！
		",2016-12-30
194,"
#元旦有惊喜#新年新气象，建信祝您新年快乐，好礼送给您! 网页链接 ​
	",2017-1-2
195,"
元旦出去走走，换个心情 ​
		",2017-1-2
196,"
元旦随手拍 ​
		",2017-1-2
197,"
#一起过元旦#多转才行。期待好运
		",2016-12-29
198,"
	  2016，渐行渐远，掬一束阳光，撒一把欢笑，生活依然萌动。新年伊始，你对新的一年有什么新的展望呢？安吉发布与你一起同绘五彩生活，记录下2017年你的希冀和愿想，就有机会获得我们送出的新年大礼一份。 网页链接 ​
	",2017-1-2
199,"
		康师傅每袋面中心都缺一块，没良心的面，早该破产//【顶新集团：台湾康师傅元旦已解散 不再生产销售方便面】 |顶新集团:... ​
		",2017-1-2
200,"
元旦宅两天，心血来潮出趟门，就买了个猪蹄，一个转身狗哥！人生处处是惊喜！2017幸运的开始！（请在直播中找我！我就在狗哥后面！） |北京·三里... ​
		",2017-1-2
201,"
元旦小假期过去了。在生病中送走了2017的第一个真正的小假期，给自己休了一天假，养好病，2017年好好战斗！我还很年轻！一切都还来得及，一直都没有说新年愿望，感觉自己应该计划点什么，有追求的过这一年。希望可以过得不一样。2017一定要与众不同。 ​
		",2017-1-2
202,"
元旦深圳行圆满🔚，不管怎么样，2017要开心。 ​
		",2017-1-2
203,"
#2月20天#元旦虽然短暂假期就过去了，但是心情很好。 ​
		",2017-1-2
204,"
		2017年，措不及防的就来了，冰冷的梦中度过的跨年，车上的奔波中度过的元旦。我总觉得还停留在13和14中没有回过神，陌生的16还没有适应，就到了更陌生的17，可是15又去了哪里。这一年我都改变了什么，得到了什么，失去了什么。17年，我又会得到什么，失去什么。岁月是把杀猪刀，这句话写得真好，刀刀催 ​
			...展开全文c
",2017-1-2
205,"
		【台湾内参】 2017年1月1日，台湾“中华爱国同心会”在台北西门町举行元旦升旗仪式，奏义《勇军进行曲》，升五星红旗。升旗仪式现场  欢迎关注我的UC订阅号：台湾内参 微信公众号：yi网页链接 ​
		",2017-1-2
206,"
元旦假期，这样一眨眼功夫，说结束就结束了。 ​
		",2017-1-2
207,"
元旦第二天 |呼和浩特·... ​
		",2017-1-2
208,"
		放开那三国2元旦祝福大全 最新祝福语分享分享链接 网页链接 ​
		",2017-1-2
209,"
元旦假日30日，在内江和老妈一起逛了万达;31日，去看了格桑花;31日晚，各卫视跨年节目不好看 去看了电视，没有你们的跨年夜不完整;1日，2017年新的一天和往常没有什么不同，下午回了自贡，给朋友过生日;
			...展开全文c
",2017-1-2
210,"
		印象中起码四五年没在家跨年过元旦了，最后订了最晚一班车回福州。脑子里现在仿佛还听得到外甥女模模糊糊的舅舅丢丢舅舅丢丢 2016过了，2o17多好的开始 ​
		",2017-1-2
211,"
		美柚携手元旦柚给您送豪礼啦~玩游戏就能拿哦~（分享自@美柚）网页链接 ​
		",2017-1-2
212,"
元旦，同样的错误又犯了，晚上她爸洗完澡没擦地（人就等我擦呢），我在我屋擦地，她上厕所扔垃圾，不〜穿〜拖鞋〜光〜个〜脚丫子，就听＂咣＂的一声，又摔后脑勺啦！这么摔早晚摔出毛病来！气疯了！ ​
		",2017-1-2
213,"
		2017第二天 补过的2016圣诞补过的2017元旦 |北京·万科... ​
		",2017-1-2
214,"
元旦两天假期购物量甩双11几十条街 ​
		",2017-1-2
215,"
元旦的团圆饭http://weibo.com/u/6019454285 #2017再出发# ​
		",2017-1-2
216,"
#2017每天开心的事# 补元旦 定位赛直接定了白金1 ​
		",2017-1-2
217,"
		记一次元旦吧。 ​
		",2017-1-2
218,"
#2017再出发#这个元旦累死我了 ​
		",2017-1-2
219,"
		睡了…元旦假期过的太快了 ​
		",2017-1-2
220,"
		似乎已经连续两三年元旦发烧了，也不知道是一个什么梗。两颊通红，嗓子干痛，委屈的想哭，所谓孤独无助在一个人生病的时侯体现的最为深刻吧！盖着厚厚的毛毯感恩4432最可爱的仙女们晚安 ​
		",2017-1-2
221,"
#元旦小长假#元旦小长假已经结束，明天等待着我们的是考试啊！那就加油吧，祝蒙的全对，做的全会。（反正明天我不考试）好了，晚安，用好的状态去迎接暴风雨吧！ ​
		",2017-1-2
222,"
#瑞文#你主动一点我们就会有故事晚安咯，元旦小假结束，明天投入工作和学习~撒娇+笔芯 ​
		",2017-1-2
223,"
元旦放假，两天后的结果就是4个G的流量。躺了两天。 ​
		",2017-1-2
224,"
		充实的元旦假期，漏拍了一张图，重点第一张图，纪念第一次抓到的娃娃 |厦门·厦门... ​
		",2017-1-2
225,"
		12月31日，元旦拜年视频，敬请期待
		",2017-1-2
226,"
	  12月31日，元旦拜年视频，敬请期待。 |襄阳·鼓楼 ​
	",2017-1-2
227,"
元旦游丹缨 ​
		",2017-1-2
228,"
元旦两个小鬼给我做饭吃 秒拍视频 . ​
		",2017-1-2
229,"
元旦三天过的好累说好的炖猪脚变成了麻辣鱼还是不错的想了想这个月才刚开始又欠了花呗 过几天又还要还 ​
		",2017-1-2
230,"
@葸思TS @男士品位指南 @我和表妹的极品事 元旦快乐 新年新气象
		",2016-12-23
231,"
#王者荣耀# 圣诞快乐！小妲己为召唤师们送福利啦！关注@王者荣耀 转发此条微博@三位好友 并送上节日祝福，就有机会获得情侣必备吕布或貂蝉圣诞永久皮肤！还有超级大奖荣耀V8手机、腾讯鸡年公仔等你拿！本次活动小妲己将分两次于12月29日及1月4日随机抽取幸运粉丝哟！ ​
	",2017-1-2
232,"
		【元旦假期全国接待游客约1.2亿人次】　　新华社北京1月2日电（记者齐中熙）元旦期间，据国家旅游局数据中心综合测算，全国共接待游客约1.2亿人次，累计旅游收入679亿元。|元旦假期全... ​
		",2017-1-2
233,"
元旦去照母山 ​
		",2017-1-2
234,"
		美柚携手元旦柚给您送豪礼啦~玩游戏就能拿哦~（分享自@美柚）网页链接 ​
		",2017-1-2
235,"
给自己一个不一样的元旦假期：300公里跨年骑行，珠江六桥和大学城外环都是特色之一。第一个线上马拉松，也很有意义。2017年，活出内心的自由，让生活更加美好，梦想更加纯粹。 ​
		",2017-1-2
236,"
		今年华杰微博比去年还懒，老板没给加班费吗？去年元旦和生日最少自拍了，老图也算#霍建华#
",2017-1-2
237,"
	  针对《华杰-----万年不发博我抗议》   别人家工作室、爱豆啊，整天时不时发些自拍，直播什么的，希望天天上头条，吸粉，生怕掉粉什么的。就我家爱豆，你说微博木有就算了，工作室还不给力……万年都不见更新。对此，大华杰，我抗议    ps：不过，我爱的就是你这样 ​
		...展开全文c
",2017-1-2
238,"
元旦第二天..哈哈哈哈好有趣的软件今天两个BB就吵着要喝酒..OMG..会打醉拳吧两个BB说下次约要喝酒！！ |广州·建设... ​
		",2017-1-2
239,"
		完美的2017元旦假期～77姐姐多happy～要谢谢奶奶爸爸妈妈还有yoyo的陪伴啊[捂脸][捂脸] ​
		",2017-1-2
240,"
		发布了头条文章：《这个元旦假期》 这三天的小思考，两代人的差别，还有后真相的真相。如果时间不太充裕，建议不必看罗振宇《时间的朋友》，直接看吴晓波的《预见2017》 |这个元旦假... ​
		",2017-1-2
241,"
元旦假期总结 ​
		",2017-1-2
242,"
元旦晚会顺利开展圆满结束🤗部门群里抢红包一直运气王🤗现场抽奖还当了回幸运观众🤗还有我们的舞蹈也是棒棒哒🤗表白我大青团表白我大助残@河南工业大学志愿者 @河南工业大学助梦之翼服务队 |郑州·中原... ​
		",2017-1-2
243,"
		2016一切顺利，期待2017元旦快乐 |济南 ​
		",2017-1-2
244,"
		三天元旦假期结束，今晚爸爸值班，我搂着兄妹俩睡，男左女右。晚安。 ​
		",2017-1-2
245,"
元旦三天乐结束了 不开熏 ​
		",2017-1-2
246,"
		可能是遇到的最忙的一个元旦，浪完回来熬掉最后一个夜，顺利进入年关约约约买买买模式。该还的债总要还掉，该见的人总要去见见，忽然很庆幸虽然活得并不太好，但都能学会体面的活着，大抵时光始终是把软刀子，只不过看谁皮糙肉厚罢了。16年的计划大抵完成，就当是17的开端吧！老子最酷，欢挺 ​
		",2017-1-2
247,"
这棵我封它为元旦树🌲 ​
		",2017-1-2
248,"
#金泰妍# 写作业的时候循环播放了一小时的泰妍元旦倒计时，每次抬头都感觉泰三岁真是吃可爱长大的啊 ​
		",2017-1-2
249,"
#元旦礼物 生日礼物 情人节礼物#转发的意义在于拿大奖啊拿大奖！大奖，快到碗里来！ 网页链接
",2016-12-31
250,"
	  送的就是与众不同，要的就是你的独一无二#元旦礼物 生日礼物 情人节礼物#艺术纸品牌纸寿千年祝千纸粉们新的一年平安喜乐，转发本条消息，并@纸寿千年，将有机会获得古朴手工纸艺灯一个~花色随机，更有2本古风本随机送哦 网页链接 ​
	",2017-1-2
251,"
元旦三天肝完了风暴的圣诞和守望联动两个活动 还帮竹子刷了15场 对二傻的爱还是满满的要溢出来……cry 只有傻傻 我根本不想看到任何真人化……觉得地球上活着的任何演员任何男人都不配当他……（突然发病 ​
		",2017-1-2
252,"
		今天是巧克力打折的传统意义上的第一天，因为巧克力一般都是元旦第二天打折的。跟男朋友一起坐火车到了另外大超市，每个法国人都是一买一打，还有人拉着很大的购物车，数不清买了多少盒，货架上的巧克力很少很少，有的全是挑选的人。工作人员一直在整理卖出去的空箱子 |法国 ​
		",2017-1-2
253,"
		三天的元旦假期，过得很开心。因为有朋友们的陪伴，有爽朗且暖心的笑容，有那句令人感动的“别怕，我等你”，还有那一处处很喜欢的风景。感谢遇见。明天加油。 ​
		",2017-1-2
254,"
		恭喜@Lrb_墨一 1名用户获得【迟到的元旦礼物【拍立得】】。微博官方唯一抽奖工具@微博抽奖平台 对本次抽奖进行监督，结果公正有效。公证链接：|微博抽奖平...
",2016-12-27
255,"
	  28号的铁粉日又来了这次我们的主题不是搞事，是搞机半价购机，打折优惠就明天了。不管你有没有兴趣都来戳网页链接 因为.... 我要送东西了带上#2016搞事合集# 话题转发+关注我，元旦节当天送出一台人见人爱的拍立得 ​
	",2017-1-2
256,"
元旦晚会节目单哦 小伙伴们不见不散 ​
		",2017-1-2
257,"
#元旦微博转发抽奖#不知道谁有这个好运气呀，幸运女神降临我家吧，我开门迎接啦
		",2016-12-30
258,"
#元旦微博转发抽奖#小皮游戏元旦送好礼！微博转发有惊喜！元旦期间转发本条微博即可参与抽奖~我们将抽取十位幸运转发者送出奖品，中奖名单会在活动结束后三日内在微博公布（活动时间即日起截止至2017年1月3日下午3点） 网页链接 ​
	",2017-1-2
259,"
元旦已过，心情棒棒哒，明天回园上学咯！ |北海·合浦... ​
		",2017-1-2
260,"
		美柚携手元旦柚给您送豪礼啦~玩游戏就能拿哦~（分享自@美柚）网页链接 ​
		",2017-1-2
261,"
		各地元旦风景图之一 //@神回复吐槽帝:哈哈哈哈//@正常人办不出这种事儿: 哈哈哈
		",2017-1-2
262,"
	  这是劳动人民的艺术结晶啊 ​
	",2017-1-2
263,"
元旦小长假结束啦，大家在假期过的如何呢？来谈谈你们的假期吧！@福建水电学院团委 @福建水电学院水利系团总支 @August小鱼 |永安市 ​
		",2017-1-2
264,"
#元旦消防线下活动#  沂水县公安消防大队为切实做好元旦期间的安全防范工作，积极深入辖区人流量较大的车站、社区等场所开展消防宣传，同时充分发挥“社区消防安全大使”的作用，引导群众参与其中，同学消防知识，共筑安全长城！@临沂市消防支队 ​
		",2017-1-2
265,"
#元旦假期交通安全提示# 超员会导致车身重量加大，车辆制动性能降低，并增大轮胎等机件故障发生几率。交警提示，节日期间，拼车、租车、自驾车出游的朋友，请勿超员，请广大交通参与者拒绝乘坐超员车辆。 ​
		",2017-1-2
266,"
		吃吃逛逛的元旦假期开启了美好的一年 |太原·长治... ​
		",2017-1-2
267,"
		1/2 星期一 （元旦放假）中午: 青菜年糕，蛋饺。下午:（全家）黑森林蛋糕。晚饭: 聚兴园 点菜 四人食。晚上:（牛奶棚）酸奶1杯。注:剪了头发刘海。
			...展开全文c
",2017-1-2
268,"
		这个元旦有点忙，昨天在潮汕，今天到大广州。见到女儿和小罗、先吃吃吃再说2017无比幸福和美好 |广州·新港... ​
		",2017-1-2
269,"
		《卫报》网络版报道了中国数百万人元旦""被笼罩在厚厚一层有毒雾霾中""，雾霾还造成道路封闭、航班取消，24个城市发布的预警可能会在本周持续数日。报道称，北京的PM2.5值超出世界卫生组织健康标准的24倍。超过100个航班被取消。在临近的天津，300多个航班被取消，气象预报警告说，雾霾可能持续到1月5 ​
			...展开全文c
",2017-1-2
270,"
#GNZ48陈雨琪##团子晚安# 短暂的元旦节过去了，大家也要开始忙碌起来。明天团子就要去上海准备b50了，平安到达！注意休息读书的小伙伴们也要期末考试了，祝大家都能够好好考试，考完试就可以去见团子啦时间不早了，早些休息吧，团子晚安@GNZ48-陈雨琪- ​
		",2017-1-2
271,"
#淮北身边事#2017年淮北市元旦长跑暨徒步活动视频~参加的群众很嗨啊！哈哈哈~ 秒拍视频 . ​
		",2017-1-2
272,"
元旦一日想着去拍点张千里同款的，拍完之后才看到差距啊，天和地的差距。我的焦段16，而他应该是28，甚至都看不出来是哪个位置拍的，跪了。 ​
		",2017-1-2
273,"
		跨年夜，漫天星星代我心，祝福亲爱的闹呆粉！元旦节日快乐！！！2017好事连连，梦想成真！～大半天都在路上，刚到目的地，晚安好梦 ​
		",2017-1-2
274,"
元旦补图❤️ ​
		",2017-1-2
275,"
		圣诞节那周学生们又放雾霾假又双休就上了两三天课这次好了，直接元旦假期＋雾霾假＋双休。马上都期末考试了，这假放的我心里很忐忑啊啊啊啊 ​
		",2017-1-2
276,"
		【3wDaily】台湾康师傅元旦已解散，不再生产销售方便面。原文:|台湾康师傅... ​
		",2017-1-2
277,"
		2017元旦，说好的温泉和烧烤呢 |成都·青城... ​
		",2017-1-2
278,"
#YouAreYourTime# 0102元旦假期最后一天八点半起床；做了个凉拌-菠菜花生米；磨蹭俩点-去cc；下午吃&电影中度过；打卡哲学的故事和晨读；晓晓家上新 有收获； 经济学人几个月没听了…尽快恢复。感觉这一天有点像horsewife第一天 先给个及格60 ​
		",2017-1-2
279,"
元旦至今见过了太多海豹，我已经麻木了
",2017-1-2
280,"
	  哈哈哈哈，师匠抽到啦，银色变金，还顺带一张宝石翁，太棒了@桂木顺九 ​
	",2017-1-2
281,"
		这两天没有陪Y 因为我过得太潇洒 昨天打牌打牌半夜2点 今天和窝出去浪了半天 好像这两天就今天见了Y一面 哈哈 放一下元旦那天的美食图 ​
		",2017-1-2
282,"
元旦假期过去了，明天开始新的一年的拼搏[加油][加油][加油] ​
		",2017-1-2
283,"
		每年元旦都是买买买的节奏！ ​
		",2017-1-2
284,"
		疯了 乱了 累了 。。来了。。你到底要怎样。。收心，上班吧。。完美的元旦！ ​
		",2017-1-2
285,"
		昨天滑雪导致今早起床浑身酸痛，胳膊抬起来很酸，就这样累，午饭后还跑去逛街，先去的中关村和欧美汇，累的不行，但是没有收获，后来又去王府井逛，越逛越有劲，从新天地到apm，逛到商场关门，今天拖着疲惫的身体逛了整整九个小时，元旦三天假，每天都在外面浪，一天都不浪费的 ​
		",2017-1-2
286,"
		好久没发博了 嘿嘿 我承认我就是想秀一秀 我家杨先生30号晚上回来的  为了陪我过元旦 心里其实好兴奋的   31号出去吃的烤鱼 结果还是又吃了一身的油味 1号出去吃了我喜欢的泰国菜 可惜人太多我要的甜点没了 换的两杯喝的 都好难喝 点了好多 吃到下午三点多 实在 ​
			...展开全文c
",2017-1-2
287,"
元旦几天就吃吃吃吃吃吃……吃到钱包空 ​
		",2017-1-2
288,"
元旦萤火虫漫展返图第一弹@萤火虫动漫游戏嘉年华 |佛山·南海... ​
		",2017-1-2
289,"
#YY LIVE#【娱+】子瑜 尊师AK 元旦快乐带你走进Ta的直播！YY LIVE，玩转全民娱乐直播！网页链接 @手机YY ​
		",2017-1-2
290,"
		假期要结束啦，这个元旦其实还挺轻松的啦。照顾照顾狗，染染头发，走走亲戚，吃吃火锅，很喜欢这样的状态。明天又要上班了，要开启没有期待的一月了 ​
		",2017-1-2
291,"
#雯酱2017元旦这两天#敞开玩了~ 元旦大学室友3/4聚在一起嗨皮了两天，吃了好吃的，逛了好玩的，室友买彩票连中三元，新年开门红😋 娃娃机里没有好看的娃娃，弃玩惹…买了一只超可爱的小熊娃娃送了室友 我收到一条大红围巾嘻~和图一的小娃娃~ 今天还新买了一只阔爱的杯子，好喜欢 ​
			...展开全文c
",2017-1-2
292,"
		各位小伙伴们，元旦小假期就要过去了，大家要注意好休息时间，别忘了明早又要开始努力工作哦祝大家在新的一年里万事如意发大财#人人车友会# ​
		",2017-1-2
293,"
元旦竟然高速不免费通行算错一卦 ​
		",2017-1-2
294,"
		松滋baby和孝感华妃带我飞的元旦游又嗨出新高度，坐上了888的高铁以后好运爆棚一路没怎么排队，在广州塔外跳到缺氧和转到晕眩笑的肚子痛，红红火火恍恍惚惚在一群人的游轮上狂晃头为了拍出迷离感照片，披萨店遇到中大的美国博导意外说一口京片子，返程时候赶上了剩五分钟开的火车来了一把极速前进 ​
		",2017-1-2
295,"
		美好的元旦当天突然扁桃体发炎 38.6度 不过我还是相信新的一年肯定有好事在后面等着我 |都江堰市 ​
		",2017-1-2
296,"
		贵大@贵州大学 @贵州大学团委 @贵州大学学生艺术团 元旦狂欢夜！越来越爱贵大，余下的三年青春我们一起走@贵州大学 |贵阳·贵州... ​
		",2017-1-2
297,"
元旦假期正式结束了 然后就要考试了心里慌…但是想到快放假了 哈哈这个星期忍一下就好啦 晚安阿鹿
",2016-12-31
298,"
元旦快乐，2017也要加油~ ​
	",2017-1-2
299,"
元旦活动，想参加扫码进行来。 |贵港·港南... ​
		",2017-1-2
300,"
		回家过个元旦，又到了这个天天被电打的城市 |乌鲁木齐 ​
		",2017-1-2
301,"
		就过个元旦，都快被某几个明星，洗脑了。这微博热搜能换点新鲜的吗 ​
		",2017-1-2
302,"
		2017元旦出游合影 ​
		",2017-1-2
303,"
		D414。元旦小长假，又结束🔚～老公值班。我就和大小宝贝在家各种闹，中午儿子耍赖，不想喝剩下的面条汤，结果妹妹解了他的急帮他喝了，让他开心不少，不知道多宝以后听说会不会嫌弃～他们俩卧室门紧闭，我在阳台洗衣服，听儿子说，他在演电影妹妹当观众，只听不时传出妹妹嘎嘎的笑声，看来 ​
			...展开全文c
",2017-1-2
304,"
		2017の元旦 ​
		",2017-1-2
305,"
		2017元旦，爱你 ​
		",2017-1-2
306,"
		我的雪碧又造反了。元旦回家前给它准备了火腿肠和水，今天回来，扑面而来的臭味熏翻天。地上是它打碎的玻璃杯和撕烂的报纸，床上是它拉的粑粑和撕烂的火腿肠的包装袋。总之，整个房间像遭了贼一样的凌乱不堪，可是当我要训它的时候，它又装作很无辜的蹭蹭我的脚，喵喵的向我讨零食。唉，铲屎官不好当！ ​
			...展开全文c
",2017-1-2
307,"
#元旦有惊喜#期待好运降临，支持好活动
		",2016-12-30
308,"
#元旦有惊喜#新年新气象，建信祝您新年快乐，好礼送给您! 网页链接 ​
	",2017-1-2
309,"
		“2016滚蛋啦，2017（饿了要吃）已经到来，元旦就从煮好一颗茶叶蛋开始！想要好吃，关键就在于茶好、量大，红茶、乌龙较为常见，煮好的茶汤加酱油同鸡蛋煮沸，多浸泡更入味！#...”  看起来很美味哦美食台food...（使用#秒拍#录制） ​
		",2017-1-2
310,"
		“色如渥丹，灿若明霞”～～元旦丹霞山之行 |韶关 ​
		",2017-1-2
311,"
		祝福各位师友元旦快乐，一帆风顺，两手抓钱，三羊开泰，四季发财，五行大吉，六顺成就，七喜盈门，八方来财，九变好运，十全如意！ ​
		",2017-1-2
312,"
		2017年的元旦最充实了，一大早接个重病号，原有病人转科，产科急会诊，另一个重病号交班需要看结果，抽空收个病人，中午被叫起来收病人，血透置换当助手，下午收病人，会诊，晚上收病人，会诊，收病人，终于熬到2号两三点…… |珠海·拱北 ​
		",2017-1-2
313,"
元旦快乐
		",2016-12-24
314,"
#王者荣耀# 圣诞快乐！小妲己为召唤师们送福利啦！关注@王者荣耀 转发此条微博@三位好友 并送上节日祝福，就有机会获得情侣必备吕布或貂蝉圣诞永久皮肤！还有超级大奖荣耀V8手机、腾讯鸡年公仔等你拿！本次活动小妲己将分两次于12月29日及1月4日随机抽取幸运粉丝哟！ ​
	",2017-1-2
315,"
		台湾康师傅元旦已解散！不再生产销售方便面。玩手机饿了，老板来碗泡面。 ​
		",2017-1-2
316,"
		地球不爆炸，我们不放假。宇宙不重启，我们不休息！元旦全国放假三天，但不包括我们！我的生活没有假期，不敢生病，不敢偷懒。没有四季，只有两季，努力就是旺季，不努力就是淡季！旺季腰痛，淡季头痛！ 2017加油！ |泉州·鲤城... 秒拍视频 . ​
		",2017-1-2
317,"
元旦假期结束了，寒假还会远吗？倒计时…… ​
		",2017-1-2
318,"
		这真是人生中过的最艰难的一个元旦了 ​
		",2017-1-2
319,"
元旦假期玩疯啦！收假了继续开启吃糖模式 ​
		",2017-1-2
320,"
		持续了好几天的元旦快乐with一群美丽的妹子们，不知道还能折腾着玩几年呢 ​
		",2017-1-2
321,"
		每天十几个小时的待命，难忘的元旦，快马加鞭奔跑的三天，这两天听了很多故事，才发现，有些人你几乎不曾认识，甚至陌生到恐怖。。但是，依旧保持仁慈吧。。至少让认识你喜欢你的朋友不曾觉得后悔。 ​
		",2017-1-2
322,"
元旦节后红门红 ​
		",2017-1-2
323,"
		和狗哥的元旦。 ​
		",2017-1-2
324,"
		【2017.1.1】#广州琶洲萤火虫漫展# 没想到今天元旦漫展那么多人…明明以前入场基本上都不用怎么排队的……现在漫展越来越火爆了啊首先要感谢男朋友BF君官博转发抽奖送的门票！！我去年最后的欧气可能都用在这上面了（手动滑稽）还有多亏机智的我经过以往多次战斗熟知路线，没有在地铁口 ​
			...展开全文c
",2017-1-2
325,"
元旦假期的最后一天过得不太好，眼睛疼，心闷的慌。好心疼我自己 ​
		",2017-1-2
326,"
		今天元旦假期的最后一天，明天又要上紧箍咒了，在外面浪了3天，我想起我说我要在爱唱上录歌来着，于是大晚上还是兴致勃勃架起支架准备开唱，一时又不知道该唱啥。问龙锅：你说我唱啥好呢？ 龙锅：小幸运。  我：唱了两句感觉唱得不好听。  龙锅：演员。 我：唱不全。  龙锅：丑八怪。 我：不会唱 ​
			...展开全文c
",2017-1-2
327,"
		发表了博文《2016年总结回顾：牛股点将》元旦假期放弃休息，对16年行情做一些分阶段回顾。1.4-1.27下跌段，关键词：熔断1.28-4.13上涨段，关键词：牛市余4.13-5.26下跌段，关键词：|2016年总结... ​
		",2017-1-2
328,"
		结果公示一下，有没联系上的选择了评论里的其他人。谢谢大家参与，数量有限，没能拿到的不好意思，希望大家收到了快递跟我说一声，也祝大家元旦快乐！ 网页链接
",2017-1-2
329,"
#罗志祥##潘玮柏#因为要搬家了，这些专辑带不走了，有人愿意要么？直接送，希望能遇到真正喜欢的人。（一个小号，所以里面没有罗志祥和潘玮柏相关内容） ​
	",2017-1-2
330,"
		【《十万个冷笑话》大电影提档元旦 首弹预告PV公开！】超人气“网生代”吐槽电影《十万个冷笑话》正式宣布提档至2015年1月1日！预告片中，哪吒、李靖等动画经典角色接力亮相，高逼格的配音、搞笑的台词，更是令各路吐槽爱好者们直呼：逆天了！ ​
		",2017-1-2
331,"
元旦，你回家了么
		",2017-1-2
332,"
	  【今天，转发微博，让爸妈知道你的爱】2017，我们又长了一岁，父母也向衰老迈进了一步。当我们争分夺秒向前奔跑时，他们目光凝视充满不舍，变得常常唠叨，嘘寒问暖。假如哪怕他们真打扰到你，请多点耐心，多点克制，别把坏脾气，留给最亲近的人。人民日报的... ​
	",2017-1-2
333,"
元旦就买了一个唇膏。。。人多的想晕以前那么爱逛街的我也是醉了。。 ​
		",2017-1-2
334,"
元旦小假期要结束了...然后就要想想假期过后,自己要做些什么有意义的事了... ​
		",2017-1-2
335,"
元旦迎新活动，已经不记得是第几次参加活动了，现在的他已经是熟门熟路的元老了，这一年的历练应该是值得等待的，就连跳舞都能跟上了，大一岁明显成熟不少，记录于复读大班的日子 ​
		",2017-1-2
336,"
		小朋友与爸妈一起坐昂坪缆车拜大佛，开心过元旦生日，祈求新一年健康快乐。 ​
		",2017-1-2
337,"
元旦总结:出去吃饭饭馆停电 出去开黑网吧停电 去茂业里的电影院看电影 9点40的电影 茂业10点才开门 吃自助碰到导员 总之这三天过得很充实 |保定·南市... ​
		",2017-1-2
338,"
元旦假期最后一天啦，中午给乐宝买基围虾吃，结果乐宝不怎么感兴趣，十几只都没吃完，完全不复以前的风采。下午灵灵姐姐过来玩，两个小朋友把家里的小板凳玩具车都搬出来连在一起当火车，搞到家里都摆不下啦！晚上就着牛肉汤四季豆和花菜吃了一碗饭，算是这几天吃得最多的一次了。 ​
		",2017-1-2
339,"
		希望以后有机会看到//:14年的元旦，千玺在学乐理编吉他和弦中度过，不久后在学校表演了吉他弹唱；14年的夏天，千玺在偶像手记被拍到iPad桌面有好几个学吉他的软件；14年的冬天，千玺唱的《宝贝》是自己配的吉他伴奏……但就因为某个扶不起的阿斗只会用速成吉他装逼，千玺再也没机会展示。
		",2017-1-2
340,"
	  抱歉，此微博已被作者删除。查看帮助：|为何微博里...
",2017-1-2
341,"
		已婚妇女的悲哀就是，节日再也跟我没有关系了，圣诞节no礼物，元旦no礼物，以后估计也没有什么所谓的惊喜了，但是那又有什么关系呢？每天大清早送我上班，晚上接我下班，一起做饭，一起收拾屋子，这些生活中的点点滴滴都记录着你爱我的样子，这些都是满满的幸福呀，我相信你会为了我非常努力，所以我不 ​
			...展开全文c
",2017-1-2
342,"
		新的一年开始了，还记得2013 元旦后的第一天上班，在那里遇到改变我一生的几个人真是人生的老师，让我学会很多东西人事物有见识了，长大了，几位大老板，苏谭四黄，惠州，马安，洋坑…这几年时间过得真快人和事历历在目，光阴似箭四年时间转眼即逝，感谢所有人在我人生中出现过，可惜我们只是彼此的过 ​
			...展开全文c
",2017-1-2
343,"
#亚瑟·柯克兰# 元旦闲着没事摸鱼……已经六年多没画过男孩子了！给英先生比心XD【这可能是真的才第二幅板绘！你平时都在干嘛？！】画眼睛时感觉在画宝石2333【没关系先生你的眼睛是世界上最美的祖母绿！】然后观看嘴唇的正确姿势是以往上背光的一定角度XD有奇效XD【并不是】【后补一张原稿】睡觉去了 ​
		",2017-1-2
344,"
元旦忘记发条动态了新的一年 该有新的模样了还是那句话我们终将如愿以偿🌕🌔🌓🌒🌑🌘🌘🌗🌖🌕 |固原·原州... ​
		",2017-1-2
345,"
		回复 @老牟二哥 对博文 【2017--元旦快乐！】 的评论：""谢谢牟老的祝福，小豹子一家也遥祝您新年快乐，幸福永远！"" 查看原文：|2017--元旦... ​
		",2017-1-2
346,"
		嗯，我妈唠叨过很多遍类似的话，元旦三天唠叨三天。
",2016-12-16
347,"
#爸爸去哪儿##向太示爱儿子向佐#感动cry！向太走心“吐槽”儿子@向佐JackyHeung ，@向太Tiffany陳嵐 看似在吐槽，其实在无微不至地关怀着儿子，吃饭慢一点，多给爸妈通电话，天下父母都一样，儿行千里母担忧，离家在外的儿女们都要多多和父母联系哦视频：《爸... ​
	",2017-1-2
348,"
#扫脸领红包，搭讪过元旦# 寻找身边符合线索的红包脸，拍照识图—快速读心术，来自最懂你的@360手机助手网页链接 ​
		",2017-1-2
349,"
元旦的两天假期，利用一切可以睡觉的时间补眠，眼睛舒服多了。腰酸背痛地难受，还是太累了。渣男不同意我的方案，无话可说。回想那天晚上对他说的两句话，并不是气话，可气的是自己处理事情的方法手段太简单，不是他的对手。可是，不管怎样，这次我都要坚持，算是对自己的交待。 ​
		",2017-1-2
350,"
元旦假期的最后一天晚上晚安#晚安，各位# ​
		",2017-1-2
351,"
		2017就这样开始了，元旦小长假披萨🍕和寿司更配哦！@新疆美食发现 @莉兹披萨-LiZiPizza |乌鲁木齐·... ​
		",2017-1-2
352,"
元旦假期结束，晚安！ ​
		",2017-1-2
353,"
		一个又气又爱的元旦节。晚安 |武汉·华中... ​
		",2017-1-2
354,"
		看样板房～小区环境美美滴～屋内装修美美滴～然后就有人不停的叫我给她拍照ps.元旦三天结束，我的小长假还没过就过完了。#2017再出发##我的照片会发光# ​
		",2017-1-2
355,"
		【顶新:台湾康师傅1月1日解散 大陆业务营运不受影响】2日，顶新集团证实，经董事会决议，台湾康师傅自2017年元旦起解散。此前，台湾康师傅接连曝出事件。顶新公共事务室副总说，台湾已不再生产销售康师傅方便面，公司基本上已无任何实质营运业务。晚间，顶新发声明表示，称台湾康师傅公司解散对聚焦大 ​
			...展开全文c
",2017-1-2
356,"
#扫脸领红包，搭讪过元旦# 寻找身边符合线索的红包脸，拍照识图—快速读心术，来自最懂你的@360手机助手网页链接 ​
		",2017-1-2
357,"
		心里开始烦躁，没有耐心，不愿说话，就突然这样了……最近一直很好的心态就这样打破了，都不知道为什么？！难道是抑郁的开始？！元旦过去了，新年再有25天就会到来！宝宝，期待你的到来，我也会好好努力的，我们一起加油！粑粑在元旦前一天买了车车，我们到时候一起去兜风！ ​
		",2017-1-2
358,"
		工作度过的元旦 默默上了一波新 自己的设计被喜欢真的是好幸福的事情 谢谢你们 ​
		",2017-1-2
359,"
		这是一个欧气满满的元旦，偷渡成功！ ​
		",2017-1-2
360,"
		由于我真的太激动了来微博再发一遍元旦见了你就圆满噜 ​
		",2017-1-2
361,"
		最近真的好累，好累，好累总有干不完的活，这以前的元旦怎么的也能休一天，这个元旦竟然一天没休！把小妞子都弄迷茫了，想说我都不去幼儿园麻麻为什么不放假呢？加油吧，努力吧，为了有一天能更好的陪伴aZA ​
		",2017-1-2
362,"
		回复@DZY阳阳阳阳:我的千玺你是一个了不起的人14年的元旦，千玺在学乐理编吉他和弦中度过，不久后在学校表演了吉他弹唱；14年的夏天，千玺在偶像手记被拍到iPad桌面有好几个学吉他的软件；14年的冬天，千玺唱的《宝贝》是自己配的吉他伴奏…… 你真的没有什么是做不到的爱你❤@TFBOYS-易烊千玺
",2017-1-1
363,"
	  早啊🐥 ​
	",2017-1-2
364,"
		【北国风光，冰封雪飘，江河之上顿失滔滔，唯有钓者独领风骚】元旦放假在家无事，开着车来到农村，一条夏季经常野钓的河段，看见岸边停了很多车，好奇心起，遂下车到河边一看究竟。|网页链接 ​
		",2017-1-2
365,"
元旦假期最后一天 窝在床上做了一下午一晚上的ppt🙃 ​
		",2017-1-2
366,"
		2017你可怜可怜我吧～元旦过的好惨又是拉肚子又是离别的……好惨！要一帆风顺啊～ ​
		",2017-1-2
367,"
元旦 再次游南山 陪你一起 ​
		",2017-1-2
368,"
#新乡身边事#【辉县一村支书自掏腰包 请千名村民同吃团圆饭】1月1日，公历新年第一天，辉县市北田庄村一大早就锣鼓喧天、热闹非凡，一场由村支书王国芳自掏腰包为村民举办的文艺表演精彩上演。中午，一千多名村民欢聚一堂，共庆元旦，热热闹闹的吃了一顿集体团圆饭。“为了这顿集体团圆饭，我们 ​
			...展开全文c
",2017-1-2
369,"
		2017第一發、献给元旦新添的小成員這小脸 萌️血槽已️。😽 ​
		",2017-1-2
370,"
#霄宝日常#36M22D元旦出游统景➕民国街 ​
		",2017-1-2
371,"
元旦这几天上班累的要命每天都这么晚下班  还好有杜润山羊奶皂 秒拍视频 . ​
		",2017-1-2
372,"
元旦节，丹灶翰林湖赏花。 ​
		",2017-1-2
373,"
元旦结束，不想上班 ​
		",2017-1-2
374,"
#扫脸领红包，搭讪过元旦# 寻找身边符合线索的红包脸，拍照识图—快速读心术，来自最懂你的@360手机助手网页链接 ​
		",2017-1-2
375,"
		感谢阿柿宝宝～辛苦啦！元旦前两天过敏性鼻炎发作难受一直窝在家就今天出门了总算觉得开了个好头…今年第一份照片，拍了点不太一样的东西，愉快的下午，愉快的拍摄
",2017-1-2
376,"
	  抱歉，此微博已被作者删除。查看帮助：|为何微博里...
",2017-1-2
377,"
		▽ 有的时候是, 不联系, 但是跨年元旦出来玩聚在一起的时候, 他们一直在, 感情到了位不怕不联系, 蹦年之后愿你们一切顺利越来越棒, |衡水·桃城... ​
		",2017-1-2
378,"
		2017元旦 ​
		",2017-1-2
379,"
		❥❥❥❥❥❥❥遇见你们💕元旦假期你们吃喝玩乐，我带着团队伙伴做线下地推[嘿哈][嘿哈]经营微商这份事业，不只是线上发发朋友圈这么简单，更多是要走出去，和陌生人交流，2017年全面打通线上线下推广拓客计划今年，让我们在各大城市一起遇见彼此 好吗？#努力，只为遇见更好的自己# ​
		",2017-1-2
380,"
元旦快乐
",2016-12-31
381,"
	  柑甜如，新的一年 ​
	",2017-1-2
382,"
#菜菜和豚豚的不定期日常#每次回到学校都感觉自己好像做了一场美梦今天也终于学会笑着说再见好像也没有那么难啊甜甜的话记在心里吧对啊真正的节日不是圣诞元旦情人节七夕而是你在身旁的日子期待着早一点可以，天天过节🙈 ​
		",2017-1-2
383,"
元旦放假出去逛逛走走拍拍！吃了好吃的啦，挺好的！！！ ​
		",2017-1-2
384,"
元旦假期要结束了，你有什么想法吗 ​
		",2017-1-2
385,"
元旦前一天，堵在国道上 ​
		",2017-1-2
386,"
#一起过元旦#好活动呀，给力的商家
		",2016-12-28
387,"
	  2016，渐行渐远，掬一束阳光，撒一把欢笑，生活依然萌动。新年伊始，你对新的一年有什么新的展望呢？安吉发布与你一起同绘五彩生活，记录下2017年你的希冀和愿想，就有机会获得我们送出的新年大礼一份。 网页链接 ​
	",2017-1-2
388,"
		乘务员也是不容易，要是不给我们放一马的话情面说不过去，放的话她们的处理也是非常严重的。所以啊，人要不是在万不得已的情况下经量别给人家找麻烦，自尊自爱的好。元旦假完咯 ​
		",2017-1-2
389,"
		1990年6月，民主德国正式拆除了柏林墙，2016年元旦，我也打破了一堵墙，我感觉这堵墙对我来说太重要了，它终于要从我心里移走了 |新乡·春锦... ​
		",2017-1-2
390,"
		加班的元旦，酸甜苦辣咸，五味杂陈。新的一年，榨油！ ​
		",2017-1-2
391,"
元旦小长假三天过去。2017年开始，早上去科室走了一圈，看了一下小朋友们。打电话给教练约学车，但是教练似乎没空。回家，看了一下关于介绍日本的记录片，最近看的2本书《日本七天游》、《水彩画的专业技巧》。中午去同学开始寿司店，跟儿子一起享受了一番美味。晚餐自己动手。8点开始健身2小时。 ​
		",2017-1-2
392,"
		【热心救助车祸受伤者】2017年1月2日，正值元旦人流量高峰期，富平县莲湖大街与乔山路丁字路口发生一起交通事故，一辆出租车与电动车发生碰撞，事故导致电动车驾驶员受伤。富平县公安局巡特警大队第一时间赶到事故现场展开救助。 ​
		",2017-1-2
393,"
元旦礼物送给自己.Happy new year ​
		",2017-1-2
394,"
		不想转发污染别人的眼睛尤其是元旦假期，但是不能放任你这种人太嚣张，现在假期基本结束了，请你兑现承诺，要不选择直播吃翔要不就出一万块钱，也算给你自己积点德
		",2016-11-30
395,"
	  什么7月呀，她怀孕约9个月了，婚礼时说只3月是爱面子忽悠傻粉丝的，元旦前会生孩子！我与人打过赌了，这可不是闹着玩的，赌前我就劝对方要深思熟虑不要乱接招。 @午夜中的第一缕阳光 新浪娱乐讯据台湾媒体29日报道，林心如[微博]今年7月与霍建华步入礼堂，并怀有两人爱的结晶 |林心如挺7... ​
	",2017-1-2
396,"
		今天和朋友一起逛了宜家，迪卡侬，凯德广场，还在建设路吃了各种小吃，这个元旦节很圆满 ​
		",2017-1-2
397,"
		2017的第一班的高铁，终于顺利坐到了靠窗的座位。路途不是很远，坐在前面两排的似乎是元旦出来玩的几对家长和孩子，他们用一口带着淡淡的北京方言的普通话交流让人听着莫名的舒服啊，这大概就是幸福的模样。 ​
		",2017-1-2
398,"
		【元旦楼市观望为主：看房人少 真心卖房的人也少】|网页链接 ​
		",2017-1-2
399,"
元旦假期就这么过去了呢明天小胖子要上幼儿园去了 ​
		",2017-1-2
400,"
		婆婆祝亲们元旦快乐，凤凰年顺顺顺，发发发，健康平安，喜乐无忧如果打不开我的微博，可以尝试网页版；有婆婆粉问我开没开值乎，我忙不过来，只有分答其实最近一直有机构和财团找我，重金邀请我帮他们做房产专业分析指导，我忙于给婆婆粉讲课 ​
		",2017-1-2
401,"
		一星伴一月，两相不分离。今天看到夜空中的独特景象。很美。元旦的休息结束了，要上班继续最后的忙碌了。打起精神，明天是新的一天。 ​
		",2017-1-2
402,"
元旦 |成都·四川... ​
		",2017-1-2
403,"
#晚安师院#元旦的日子，去官微看看师院的摆渡人吧 |渭南·渭南... ​
		",2017-1-2
404,"
		假期总是过得太快。🙃#元旦三天假不足以表达我内心辞旧迎新的喜悦# ​
		",2017-1-2
405,"
#扫脸领红包，搭讪过元旦# 寻找身边符合线索的红包脸，拍照识图—快速读心术，来自最懂你的@360手机助手网页链接 ​
		",2017-1-2
406,"
#元旦假期交通安全提示# 【欲速则不达，平安才能回家！ 】超速行驶是导致交通事故的第一杀手， 切勿超速行驶！警方提示各位依然奔波在返程路上的驾驶员盆友，长途驾车前请务必保证充足睡眠，拒绝疲劳驾驶， 高速公路连续驾车200公里应到就近服务区停车休息，尽量避免夜间长途驾驶。 ​
		",2017-1-2
407,"
（我说的是元旦假期）
		",2017-1-2
408,"
	  如果你足够勇敢说再见，生活便会奖励你一个新的开始 ​
	",2017-1-2
409,"
		当me遇上传统文化，时尚与经典的完美结合，难忘的元旦假期，身心与容颜的超级大餐 ​
		",2017-1-2
410,"
		真不敢相信、元旦假期结束了我咋觉得我就休了半天呀 ​
		",2017-1-2
411,"
		1/2 星期一 （元旦放假）中午: 青菜年糕，蛋饺。下午:（全家）黑森林蛋糕。晚饭: 聚兴园 点菜 四人食。晚上:（牛奶棚）酸奶1杯。 ​
		",2017-1-2
412,"
		拙劣的元旦三天乐 ​
		",2017-1-2
413,"
		老妈总是喜欢先苦后甜，愿明年的元旦别这么累🙃🙃🙃还依旧笑的这么开心2016刚过，大概得连着忙半个月了晚安 ​
		",2017-1-2
414,"
		南阳省考结束，元旦结束，该努力备战大江苏了，宝宝加油 ​
		",2017-1-2
415,"
#财经头条#顶新集团：台湾康师傅元旦已解散 不再生产销售方便面|财经头条 ) 文章详情: 网页链接 ​
		",2017-1-2
416,"
		2017好像没有什么特别元旦假期说过就过了匆匆回到学校总是那么的彷徨又焦灼 |绍兴·绍兴... ​
		",2017-1-2
417,"
		贰零壹柒 1 . 2与 班花 @Qi-VS-李琪 相约 太古里嗨皮元旦节  Thx ！ And LoVEu . |北京·三里... ​
		",2017-1-2
418,"
#跨年好运转不停，康夫元旦送大礼#有奖品这件事是要拿出来和大伙说说的，要不然心里堵得慌！我参加了活动“新年钟声即将敲响，康夫给你送元旦大礼来咯”，拼人品的时候到了！ 网页链接 ​
		",2017-1-2
419,"
元旦那天我们几个姐妹出去玩。一个姐妹的那个韩国男朋友从天津（在天津上学）过来和我们一起吃饭。席间那个男生问：“你们的男朋友怎么没来呀。元旦不是应该和男朋友一起过嘛。”我心里？？？？？别说了。再说眼泪下来了。 ​
		",2017-1-2
420,"
#晚安好梦#评论分享一下你的元旦假期吧 ​
		",2017-1-2
421,"
		过了一个元旦感觉每天的任务就是吃，无限制连吃了三天胃感觉很是不舒服。从明天开始吃素三天！ |台湾·台北 ​
		",2017-1-2
422,"
元旦啃肉照 算是改善伙食么 |舟山·定海... ​
		",2017-1-2
423,"
元旦假期带着2宝一起在游乐场过了一天 秒拍视频 . ​
		",2017-1-2
424,"
		哈哈，元旦假期结束🔚，跨年，买买买，吃吃吃，半夜定了蛋糕，今天准时收到。完美突然想吃蛋糕感觉想吃很久的样子今年第一次环湖咯，还是有点累的保持运动の❤做一个被自己喜欢的女人🏻---张幸福喜欢别人不难，最难的是喜欢自己，希望你和我都能活成自己想要的样子 ​
			...展开全文c
",2017-1-2
425,"
#年年岁岁平安有我守护#2017元旦假期接近尾声，千家万户享受着与家人团聚、出游的喜悦，而对于警察来说，这个假期与其他无数个假期没有什么不同，他们要值班、加班，与家人聚少离多已是常态……2017，警察蜀黍撸起袖子加油干！姑苏公安守护您的平安！ @姑苏公安 ​
		",2017-1-2
426,"
元旦🌚 ​
		",2017-1-2
427,"
		回顾了好多部奥斯卡金曲，最爱的是《指环王》的所有配乐，直到辛德勒名单的尾音一落，全场安静的都不忍心鼓掌，元旦哪也没去，哪哪都人山人海，窝在家看了两本书，做了三顿饭，也觉得特别幸福 |上海·上海... ​
		",2017-1-2
428,"
		只要雾霾足够大，元旦就能变寒假 ​
		",2017-1-2
429,"
元旦那天已经和好友去电影院看完了，不错的电影、加大宣传力度呀。 网页链接
",2017-1-2
430,"
#那年夏天你去了哪里# 上映第四天没看的小伙伴快快走进影院吧，一起“劫伴”跨年 ​
	",2017-1-2
431,"
		方老师，新年好!很高兴在元旦前夕收到了北大医学部新年团拜会的邀请函实话说，在感到非常荣幸的同时总觉得受之有愧…这几天就是否参会的决定一直在纠结:缘于入冬以来一不留神就感冒咳嗽，精神状态总是不太好…不知道到时候是否来得了…，思来想去还是决定不参加了，请代我向有关领导和工作人员深 ​
			...展开全文c
",2017-1-2
432,"
		跟家人一起度过了三天的元旦小长假又回到了武汉计划着去上海迪士尼看也因为一些变故泡汤现在心态超级棒不会因为一点儿不顺心而影响到心情以前那种风风火火的急性子也开始让自己适量慢下来
			...展开全文c
",2017-1-2
433,"
元旦假期结束 大多数人明天上班 而我 可以睡懒觉了 ​
		",2017-1-2
434,"
元旦假期最后一天，准备从明天开始做一个初步的早起加早餐的打卡。为期21天。每天早上六点半起床。欢迎监督。晚安。 ​
		",2017-1-2
435,"
#扫脸领红包，搭讪过元旦# 寻找身边符合线索的红包脸，拍照识图—快速读心术，来自最懂你的@360手机助手网页链接 ​
		",2017-1-2
436,"
赶着元旦炸了橙子！ ​
		",2017-1-2
437,"
		爸妈元旦回来家几天，今天回来第一件事就是，一手搂猫一手斗地主 网页链接
",2017-1-2
438,"
#喵星人夜话# 你家猫咪会趴腿上打盹吗？来张图证明下！ ​
	",2017-1-2
439,"
		回到天津已然下午时分，累瘫的我扔下行李就睡一直睡到灯火通明吃晚饭，饭后跟臭蛋去运动了会立马精神抖擞了。元旦回家认亲收获满满。去小姑家看到自己贴的壁纸还有规格最大的十字绣，既勤劳又是个爱好，还说要给我俩绣个小叔家妹妹画的画好好好好看，难以想象小学三年级能画出这么创意的画而且还 ​
			...展开全文c
",2017-1-2
440,"
		明天特烦恼 #元旦# 拜拜 ​
		",2017-1-2
441,"
@airx空气管家 等你们都等跨了元旦的难道不也送一套滤芯吗？？双十二也没赶上，怎么安抚我受伤的心？？ ​
		",2017-1-2
442,"
#扫脸领红包，搭讪过元旦# 寻找身边符合线索的红包脸，拍照识图—快速读心术，来自最懂你的@360手机助手网页链接 ​
		",2017-1-2
443,"
		活动 只限元旦‼️ ​
		",2017-1-2
444,"
		又到了元旦，算起来我和五百万认识整三年了。我一路看着她的脸越来越白，我们每天相互陪伴十分肉疼。新年了，希望百万可以学会寄己铲屎、寄己开罐，也希望百万爱我一如既往。 ​
		",2017-1-2
445,"
元旦齐刷刷七个人的聚会 少了两个人的美满 ​
		",2017-1-2
446,"
		8M9D我的新年元旦是在太奶奶和太姥姥家过滴，回到自己家后次了人生第一顿虾虾🦐，科科科科好好次，今天次了好多饭，好满足 ​
		",2017-1-2
447,"
元旦结束了，春节还会远吗？今天身体不舒服，有点小累，挖挖想听你们说晚安~ ​
		",2017-1-2
448,"
		这几年做人越来越矫情。性格又执拗。一旦决定下来的事情就很难更改。这次元旦跑去爬峨眉山完全是个意外，同事起了个头，我也就顺承了下来。刚好最后十几天峨眉山免门票就去了。没来得及买到回程的高铁，于是又临时决定同事开车去。临走了又加入一个她的好朋友。三个人在2017年的第一天早上六点半出发， ​
			...展开全文c
",2017-1-2
449,"
元旦三天假结束，明天又要开始上班啦。早点睡Good night,Sweet dream. ​
		",2017-1-2
450,"
		喜庆元旦 ​
		",2017-1-2
451,"
		发表了博文《内参君：新年诡异变局，美国航母全球大溃退》　一　　太诡异了！元旦刚过，美国人就急吼吼从全世界撤回航母！　　这是美军二战以来第一遭，堪称一场诡异变局！　　美国人玩的，究竟是哪一出？　　据央视|内参君：新... ​
		",2017-1-2
452,"
		13年元旦应该是初二的时候//@阿达Crane:当时才学会没多久，唱的是梦想起航，吉他谱是他写的 ，后来《宝贝》的吉他伴奏也是他自己弹的。这之间的进步大家可以自己听听。
		",2017-1-2
453,"
#你说-易烊千玺# 13年，还是初一的小元旦在班级弹吉他和跳舞的视频，一些新粉应该没看过，所以po上来。我只是大自然的搬运工原视频cr 爱奇艺上的 易烊千玺后援会侵会删宝意s的秒... ​
	",2017-1-2
454,"
元旦假期结束🔚嘟妹跟哥哥姐姐的相聚也结束了，大一点的哥哥姐姐一起出去玩有个好处，都会照看着嘟妹，都能和平相处，再加上大妈二妈，真的轻松很多 ​
		",2017-1-2
455,"
		4岁2个月——深圳过完元旦就来到了广州，玩了整整一天，精力无限 |广州·广州... ​
		",2017-1-2
456,"
#教育关注#【转给出门在外不跟家人朋友说的女生】元旦假期结束啦，新的学习挑战又要来咯！女生假期回家或者出门更应该小心，记得及时跟家人舍友汇报噢 ​
		",2017-1-2
457,"
#白杨曰#第五期之新年特别策划还有20分钟元旦假期结束 来聊聊你们的新年小目标吧
",2017-1-2
458,"
#白杨曰#同学，你好，请问你的2017新年小目标是什么？一男生淡然回答：“世界和平”。偷偷告诉你，这期视频里还有“白杨曰”主创们的爆照和语音祝福哦！快快戳进去看看吧！ 秒拍视频 . ​
	",2017-1-2
459,"
#IMAU小新说##内蒙古农业大学# 元旦小长假就这样一言不合的结束啦你在吃吃喝喝玩玩闹闹的时候让我们来看看他们在做什么？一丝不苟的神情严肃激烈的讨论精益求精不差分毫的操作 ​
			...展开全文c
",2017-1-2
460,"
元旦三天假期这么快就去去了，两天瘫在家里，一天跟朋友一起溜达……明天又要上班了，还没休息够…… ​
		",2017-1-2
461,"
元旦一点也不快乐 觉得很孤单 很想念 但也不知道该想念谁 ​
		",2017-1-2
462,"
		1Y1M16D。2017.01.01，周日，元旦。今年的元旦，由于雾霾的原因把你留在了家里，下午回家时才能带着你一起玩！ ​
		",2017-1-2
463,"
		噔噔蹬蹬生煎回归这样的心态很优秀啊很优秀啊很优秀啊做一个水一样的人后路总会有啊 
			...展开全文c
",2017-1-2
464,"
		想说 我把头发染黑啦。  丑妹要送人啦，今天被它咬出血哦，小拇指的指甲都被咬掉了。  从那次喝断片以后我就决定不抽烟了。 元旦一个人在家真的好无聊啊。  又忍不住了去买买买啦，这个月可能要还8000多吧。  把眉毛纹啦，自我感觉可美了。  这几天都是土 ​
			...展开全文c
",2017-1-2
465,"
		三天元旦假期，在睡眠中度过在忙碌的作业中结束.2017注定赋予特殊的年份，还有最后一周的时间就放假咯！开心与不舍，更多的是高兴. |重庆·永川... ​
		",2017-1-2
466,"
元旦假期感觉没怎么过就没了，就没了……没了……明天怎么又要开始上班了呢？ ​
		",2017-1-2
467,"
元旦结束准备考试晒晒照片最后弄一张我的自恋照 ​
		",2017-1-2
468,"
		每年元旦假期都会聚在一起高中同学情谊 简单 没有利益掺杂 挺好 ​
		",2017-1-2
469,"
		发表了博文《16（一路）有你，17（一起）同行》今年元旦放假，我依旧没有在朋友圈发送祝福短信，现在远离朋友圈，不看朋友圈，已经是很自然的事了。但远离不等于疏远，感谢一路陪伴我走来的朋友们。不管是用热心|16（一路）... ​
		",2017-1-2
470,"
元旦、春节。你要是肚子里不揣个仔或者怀里不抱个娃好像你这个人都活得不完整似的。谁都会怀孕生子只是时间早晚的问题嘛。 ​
		",2017-1-2
471,"
元旦发个红包，要不就问你干嘛？要不就不收，24小时自动退回来，要不就还我。我就想问一句这关系是怎么了？ ​
		",2017-1-2
472,"
元旦小长假最后一天，期末前的最后一浪，每次期末前都是老姐带我出去浪@Ruby-军宝儿的茹baby 元旦要结束，See  you  tomorrow.我也该收心了，时间一直向前走没有尽头，只有路口，一起烫火锅 ​
		",2017-1-2
473,"
		避开高峰期去过我的元旦小三天还是不错的 |广元·利州... ​
		",2017-1-2
474,"
		截图第二张RIKACO日记中写去夏威夷参加友人婚礼强行带“元旦”（前夫）出场，说她当时觉得不办结婚仪式都可以但前夫push了结婚仪式和party...(前妻你不是说我叔当年求婚拿本存折出来说就这点钱我们过日子吧，那么一穷二白还有钱在东京高级酒店包场子办婚礼？不信不是你自己想办婚礼掏大部分钱）
		",2017-1-2
475,"
#渡部笃郎# 让我笑到窒息的twitter元旦冷笑话段子 【RIKACO把前夫（元旦那）的事情缩写成“元旦”（前夫），所以大家要注意啊今天（12/31）RIKACO的blog写了“元旦”的话（注：日语新年1/1汉字也是写作“元旦”），那很有可能是在说渡部笃郎啊】 还好RIKACO没写什么， ​
		...展开全文c
",2017-1-2
476,"
		呃………………元旦三天假，限号两天，可我三天都开出去了，因为因为天儿太冷了，我要洗洗睡了……下周查违章 ​
		",2017-1-2
477,"
		发现12月31号那天忘记发微博了玩得特别嗨（其实是当工作人员邀请别人玩游戏），我们策划的游戏办得很成功，吸引了大批同学，一直到零点多收摊还有人过来，还被老师和学弟学妹们说我们看着好年轻啊，看不出是研究生今年的元旦活动是最开心的一次，和部门小伙伴在一起就像一家人一样 ​
		",2017-1-2
478,"
		用一场电影结束元旦最后一天假期[机智]为何一部悬疑片要叫那么文艺的一个名字，全场就我们两个人包场了[捂脸] |柳州·步步... ​
		",2017-1-2
479,"
		仅以中学时期mp3里躺尸的伪清新歌曲来祭奠元旦假期🙃>>网页链接 (来自@唱吧) ​
		",2017-1-2
480,"
		就这样在美食中度过了元旦3天小假期，看来2017还是瘦不了 ​
		",2017-1-2
481,"
		也算度过了元旦趁爸妈不在家十二点带着一帮疯回家 妥妥的打牌到五点起来看日出！感谢你们一直都在 2017会更好！！！ |温岭市 ​
		",2017-1-2
482,"
元旦也过完了，该盼过年了 ​
		",2017-1-2
483,"
#你好2017# 元旦假期结束，2017，加油 |武汉·江汉... ​
		",2017-1-2
484,"
		半夜到丹东素颜去宵夜，然后打道回府，事散心还是遛车捏。一直在路上，跨年就这样度过了，第一次如此跨年，一丝微暖也是暖，一刻柔情也是柔。谢谢照顾，元旦心里很放松，我只当个顽皮的小姑娘就好了。 ​
		",2017-1-2
485,"
元旦假期的最后一天，走了很多路但玩得很开心，应某个幼稚鬼的的要求发条微博证明我们一起度过，元旦快乐啦 ​
		",2017-1-2
486,"
		【中国元旦将现“7时59分60秒”：多的一秒为闰秒】 ​
		",2017-1-2
487,"
元旦假期宣告结束，别再留恋了，早点睡吧，晚安▕(￣ε(#￣)☆╰╮(ಥ_ಥ)【嗨你麻痹我要睡觉】 ​
		",2017-1-2
488,"
		回复涛声 对博文【和老爸在一起的日子（九）（女儿做的元旦大餐）】的评论：""我把老爸当天的一段写食谱的日记摆这篇文后边了。他老人家93岁还能不戴眼镜写这么小的字，我都做不到。""查看原文：|和老爸在一... ​
		",2017-1-2
489,"
元旦小长假结束，痛并快乐着，宵夜#2017再出发# ​
		",2017-1-2
490,"
		这个元旦很快乐，新年开篇很好，愿一切顺利！来个六连拍666 ​
		",2017-1-2
491,"
		补发31日团队集体跨年烤全羊！！大口吃肉迎接2017祝大家元旦快乐！ ​
		",2017-1-2
492,"
元旦三天，忙碌三天，不是为自己忙，但要保持微笑 ​
		",2017-1-2
493,"
元旦佳节，昨天单位聚餐，喝了点小酒，和女朋友视频的时候，丈母娘在旁边，平时都是喊阿姨，昨晚直接喊老妈了！表示喝多了！ 网页链接 ​
		",2017-1-2
494,"
		跨年元旦，终于浪回学校了，真是惊吓、暴走、困炸和美丽的两天，然后给明天定下个小目标！睡到自然醒！！！！ ​
		",2017-1-2
495,"
#晚安咯办公室#元旦假期结束啦，准备考试了，期末加油[加油][加油][加油] ​
		",2017-1-2
496,"
元旦夜环保部夜查污染源 |重污染天跨... ​
		",2017-1-2
497,"
		来吧 大建筑 其实给我们几张图比给我们几杯咖啡更管用。别问我为什么 我们痛并快乐着希望我们以后能感谢拼命的自己大晚上在暖气凉凉的专教里 就开始了画图之旅本来以为有元旦三天的假期可以画完 却又失算了... ​
		",2017-1-2
498,"
元旦快乐宝宝
		",2017-1-1
499,"
#AKB48##渡边麻友# 【元日公演配信中】AKB48劇場元日公演 渡辺麻友新春墨宝「楽しむ」 享受 ​
	",2017-1-2
500,"
		感慨一下 元旦回了宝姥姥家，姥姥希望我们能住几天，陪陪她也好什么都好，但我又不愿让自已在一个容易烦躁的环境呆着，宝姥姥姥爷感情一般，一点小事都能吵起来，我又无能为力的去做什么，不知道如何解决好，所以很多时候都选择沉默，或逃避，求得清静 ​
		",2017-1-2
501,"
元旦小分校 ​
		",2017-1-2
502,"
元旦三天 ​
		",2017-1-2
503,"
		小长假最后一天就这样愉快的结束了（感觉每个周都是小长假🤗）把昨天没看成的电影给补上了（为了看个电影被阿欣拉着连闯了三个红灯结果还是迟到了）虽说电影一般不过确实有被yoyo诱惑到 真的真的太美啦！感觉闫妮也越来越有女人味！ 嘻嘻，元旦过完这学期也快结束了，开了最后一 ​
			...展开全文c
",2017-1-2
504,"
		晚安，甜甜。今日晚安主题#元旦假期# 随着元旦假期的结束，2016也彻底迈入2017之中。不知道大家对于刚刚过去的16年是否有什么遗憾。遗憾也没关系，17年接着努力！话说主页现在再用BEJ出的台历，终于用上了。可以看到成员的生日，真不错呢！祝愿大家在17年快乐健康#田姝丽##BEJ48田姝丽#@BEJ48-田姝丽 ​
		",2017-1-2
505,"
		孔侑我的新老公17年的第一天 早上买菜 下午pileta 晚上追剧就这么过啦 元旦快乐～希望新的一年大家平安健康～ ​
		",2017-1-2
506,"
#扫脸领红包，搭讪过元旦# 纯现金红包，我已经抢到101.38元，快来一起抢！点击参与→网页链接 ​
		",2017-1-2
507,"
元旦，就在我马不停蹄的脚步中结束了。2016,最感动的事情，就是有幸看了杨丽萍亲演的《孔雀之冬》。乃至于，我想跟随上往后每一场您的亲演。 ​
		",2017-1-2
508,"
		2016的元旦狗子说明年就能一起跨年了，然后就是这样的。这感觉狠怪异，除了日历从1月1号开始算起，都不是从头。我没在2016年的最后一天完成流水账，像故意混淆这个分界，让它柔和一点儿。12月31号中午和狗子吃还算可以的萨莉亚，晚饭不拦我还可以续一碗的菊儿人家卤肉饭，没胆吃脑子加工厂，没去王府井 ​
			...展开全文c
",2017-1-2
509,"
元旦假 ​
		",2017-1-2
510,"
元旦出境游该注意啥？外交部的八条建议请查收！
		",2017-1-2
511,"
#象警官课堂#【元旦出境游该注意啥？外交部的八条建议请查收！】唠唠叨叨君莫嫌，字字句句为平安；高高兴兴出门去，平平安安回家来。元旦假期，外交部领事保护中心提醒出境游中国公民注重安全与文明，以下八条建议请查收！ ​
	",2017-1-2
512,"
元旦休息日带小胖去度了个假，愿你永远做个长不大的孩子。 ​
		",2017-1-2
513,"
#晚安# 元旦三天假期转瞬即逝，心情也历经了大起大落，就如同这永远无法预料的人生。暴走了240000步，走过了这座城市的半幅，看着街上熙熙攘攘的人群，总想找个人倾诉。跟好朋友聊着聊着，又聊成为心灵鸡汤的人生导师，我这越发活不明白了，真是不该误人子弟的。2017年刚刚开始，得琢磨琢磨了。 ​
		",2017-1-2
514,"
		单休是有道理的，元旦因为多放了一天。我就不想上班了#天凉要暖心# ​
		",2017-1-2
515,"
		我还停留在元旦 ​
		",2017-1-2
516,"
		2017元旦，洪崖洞 |重庆·回龙... ​
		",2017-1-2
517,"
		就是元旦那天 和歌迷合照 一直强调就一张 三起三蹲 看到歌迷被别的粉丝碰倒要伸手去扶 看到安保让星星走开 一直柔声说不要那么凶嘛 其实让不让开都... 的张先森啊#张杰#
",2017-1-2
518,"
	  2016年度#应用宝星APP之夜# 之猜明星送门票：唱功一流、真诚、孝顺、努力、感恩等等这些词都用在他身上都不足为过，他就是对星星很好，星星也都很爱他的那个人。转评说出他的名字，1月13日我们一起去星APP之夜盛典现场听他的歌。 ​
	",2017-1-2
519,"
		【理科男翻包包，晒晒我的日常数码出行装备】其实很早就想写一篇出行装备的帖子，不过因为懒，就一直拖下来了，刚好元旦假期有空，就撸了这么一篇。|网页链接 ​
		",2017-1-2
520,"
️️艾芘基妮元旦活动内衣买️送️，新代理加入送2套内衣欢迎加入，开启你的梦想之旅❤ |十堰·竹溪... ​
		",2017-1-2
521,"
		233333一个元旦加班的员工//@割下你的那活儿: ？？？？？？？？？？//@江南大野花: 厂家真的誓言要和生活正面刚……//@你的双腿也会为我而开:这个饮料到底怎么回事 //@这是一个很高冷的ID:哈哈哈哈哈哈哈哈哈哈哈厉害了 //@一条充满正能量的青瓜:哈哈哈哈哈哈哈哈哈哈哈哈 //@Akira于爷:哈哈哈哈哈哈哈
		",2017-1-2
522,"
	  缺德到一定境界了 ​
	",2017-1-2
523,"
		大闹天竺闹新春！红红火火过大年！【王宝强元旦节成都宣传《大闹天竺》 人气爆棚 - 360新闻搜索】 网页链接 ​
		",2017-1-2
524,"
		唯一的元旦礼物🤓 |郑州·上街... ​
		",2017-1-2
525,"
		青空元旦这几日。🎊 |大理白族自... ​
		",2017-1-2
526,"
		重温工程制图我的元旦 |西安·西安... ​
		",2017-1-2
527,"
		『【元旦专题】让无力者有力，让悲观者前行 （《南方周末》1999年新年祝辞）』|【元旦专题... ​
		",2017-1-2
528,"
		这个元旦过的有些特别。红白喜事都一起了。晚上回来看看新闻，说说下股市吧这是上个月鸟行情的收益。去年总收益达九成，农场建设这半年收益翻倍。农场生活陶冶着我的性情，得以浮生沉淀。股市已经持续半个月的震荡洗盘，上个月大跌，大家都被套好多，还好我们提前有预判，一直强调防御的重要性，再 ​
			...展开全文c
",2017-1-2
529,"
		平安夜 圣诞节 元旦🤔#晒娃狂魔# ​
		",2017-1-2
530,"
		2017元旦昭通大山包拍摄，气候不算好，有大师同行，去了3个以前没去过的地方拍片，回到城边又遇满头彩云，还是有点小运气。 |昭通·昭阳... ​
		",2017-1-2
531,"
		大家的元旦刚刚结束。我的假期才刚刚开始 ​
		",2017-1-2
532,"
		妈妈问：“你们什么时候放假？假期有没有一个月啊？”上班族的女儿表示刚过完元旦就已经期待计划着下一个假日的到来 ​
		",2017-1-2
533,"
		普普通通一个双休日去观前就都是人 元旦还敢出门的人都是真勇士 //@秋田六千: //@草图君:哈哈哈哈哈哈哈哈吃出来的仙人球！//@周雨诚_zyc：图片评论 网页链接
",2017-1-1
534,"
	  读者来稿选登。苏州观前街，元旦。 ​
	",2017-1-2
535,"
元旦最后一天和萱哥跟韩国欧巴浪在三里 ​
		",2017-1-2
536,"
#我的照片会发光#这个元旦真是超幸福呀超幸福，真充实呀真充实，没有万能盈和万能雯姐的帮助，我根本不可能写完所有贺卡还有盈姐夫送来的水果糖葫芦酸奶苹果火龙果和一堆零食，以及太赞的夜宵…… |北京·清华... ​
		",2017-1-2
537,"
		过完元旦……我……坐等过年了就 ​
		",2017-1-2
538,"
元旦完了吗i ​
		",2017-1-2
539,"
元旦假期就这么愉快度过了 ​
		",2017-1-2
540,"
		这个元旦假期我都干了什么?_? ​
		",2017-1-2
541,"
元旦假期过去了，说一句今天很早的晚安 ​
		",2017-1-2
542,"
		无假期的元旦，记录一下工作那么积极的自己，这个点刚写完工作报告... |昆明·爱琴... ​
		",2017-1-2
543,"
		为什么感觉自己现在好特么蠢到了晚上才被人提醒明天元旦假期就结束了明天下午两点到特么公司可是没有买到火车票还略略略略略 ​
		",2017-1-2
544,"
#元旦有惊喜#给力支持，希望好运猛烈向我飞！
		",2016-12-30
545,"
#元旦有惊喜#新年新气象，建信祝您新年快乐，好礼送给您! 网页链接 ​
	",2017-1-2
546,"
		过完元旦假期后，等着盼着过年的你的工作状态 秒拍视频 ​
		",2017-1-2
547,"
#一起过元旦#好炫酷，魅力无法挡，转发了希望好运降临!
		",2016-12-29
548,"
	  2016，渐行渐远，掬一束阳光，撒一把欢笑，生活依然萌动。新年伊始，你对新的一年有什么新的展望呢？安吉发布与你一起同绘五彩生活，记录下2017年你的希冀和愿想，就有机会获得我们送出的新年大礼一份。 网页链接 ​
	",2017-1-2
549,"
元旦放假那天血崩 玩法师 开局狄仁杰荆轲都往中路冲 场面活久见 三个人挤中路我就觉得有问题看他们出装 出装都什么鬼 我说“我中单谢谢啦”还是不走 三人一路怎么发育 比分1:12荆轲说团 团你妈 我玩不下去了之后就开始送人头//@你走失的as:不是啊 那个说不坑的 你他妈被四个人围攻还不跑 你还不坑
		",2017-1-2
550,"
	  可怕，没想到和你们并肩作战的有这么多小学生！！！小学生看世... ​
	",2017-1-2
551,"
		2016达茂科技“庆生日，迎元旦”联欢晚会圆满结束！ |包头·达尔... ​
		",2017-1-2
552,"
元旦结束！ ​
		",2017-1-2
553,"
元旦，新年快乐 ​
		",2017-1-2
554,"
元旦假期第三天。天天外面浪，自由自在！笑笑第一次坐公交车，在车上东看看西瞧瞧，一直和周围的人搭讪好好玩，再逛了下观前街，去了鱼老师的新房做客美美哒，最后大规模聚餐，四个小家庭12口人，哇哦，围着一起吃骨头煲。好玩的是四个小宝宝接二连三哄睡了，在一个一个醒来，笑笑么白天没睡，在推车上 ​
			...展开全文c
",2017-1-2
555,"
		回复@陈康康 对博文【和老爸在一起的日子（九）（女儿做的元旦大餐）】的评论：""我把老爸当天的一段写食谱的日记摆进去了。他老人家93岁还能不戴眼镜写这么小的字，我都做不到。""查看原文：|和老爸在一... ​
		",2017-1-2
556,"
		2017寄语。元旦假期临末，忽然看到别人的新年感悟，就对老公说:天上不会掉馅饼，挽起袖子加油干，送给你的新年寄语哈。老公:恩。我顿时有点蒙，那给我说啥啊，幸亏反应快，我说，同勉。哈哈，其实我只想在2017能幸福地偷懒，老公加油奋斗！我就可以坐享其成啦 ​
		",2017-1-2
557,"
元旦的最后一天，失眠了……有些心慌……也许是失望也许是无奈……2017年加油！自律一些自信一些快乐一些 ​
		",2017-1-2
558,"
		睡过了元旦假期🌚。2017多读书多锻炼认真打球家人身体健康。 ​
		",2017-1-2
559,"
		今天听说爸爸昨天对爷爷说 爸爸 今天是2017 1.1元旦节 你吃了新年的饭了 现在你是78了 开不开心？ 其实爷爷八天没吃了 我跪在床边看着他那么瘦样子泣不成声 ​
		",2017-1-2
560,"
		【3wDaily】台湾康师傅元旦已解散，不再生产销售方便面。原文:|台湾康师傅... ​
		",2017-1-2
561,"
#太阳的后裔温流##温流#本想开播一周年来二刷的，结果一个元旦小假就刷完了~撒花阿珍还真可爱啊~ ​
		",2017-1-2
562,"
元旦二人行，收官！新茶到了，该喝起来了～蕾雅嘟嘟，二姐思密达，么么哒～ |天津 ​
		",2017-1-2
563,"
元旦就这样愉快的过了！接下来给自己定一个小小的目标！ ​
		",2017-1-2
564,"
元旦三天1000+体力终于啊……中级非酋总算没非到底！ ​
		",2017-1-2
565,"
元旦的时间都拿去看小说了。。明知道这么中二的小说，我还是看了一整天 ​
		",2017-1-2
566,"
元旦最后一天假期炒鸡开心一瓶乌毡帽下去一点事情也没有，酒真的是我好朋友哈哈 ​
		",2017-1-2
567,"
#一起过元旦#支持博主。期待好运~
		",2016-12-29
568,"
	  2016，渐行渐远，掬一束阳光，撒一把欢笑，生活依然萌动。新年伊始，你对新的一年有什么新的展望呢？安吉发布与你一起同绘五彩生活，记录下2017年你的希冀和愿想，就有机会获得我们送出的新年大礼一份。 网页链接 ​
	",2017-1-2
569,"
|憧憬-王青Z... 元旦假期已经结束，2017已经开始，对未来憧憬，对自己自信#晚安校会# ​
		",2017-1-2
570,"
		啦神元旦快乐，新的一年也要元气满满哦
		",2017-1-1
571,"
	  2016对我来说是充满变化和新情况的一年。虽不敢对自己说足够努力了，但却也没有遗憾。感谢大家一直以来的厚爱和陪伴，2017，大家都要元气满满的呀！咳，说点实在的，转发抽10个201.7红包好啦！ ​
	",2017-1-2
572,"
元旦快乐 |嘉里中心(... ​
		",2017-1-2
573,"
元旦假期结束，等待年假！ |淄博·淄川... ​
		",2017-1-2
574,"
		mark2017年元旦 ​
		",2017-1-2
575,"
		我有时，总是在想，今年的元旦没有多少情怀，或许是思绪总被扯回一年前的元旦。在去高铁站的时候，地铁站见到一个颤颤巍巍的老人，我为他让出路，可是却发现自己都无缘给最疼爱我人让路，人生总是匆匆，又能有多少遗憾可以重来。 |上海·南外... ​
		",2017-1-2
576,"
		跨年元旦到生日，有你陪我真幸福，谢谢。你陪我在这个自带滤镜的城市里度过了最幸福的三天！昂昂，@---李昂--- 余生请多指教 |郑州·郑州... ​
		",2017-1-2
577,"
		分享一下我的元旦，回家，做馒头，撸猫 ​
		",2017-1-2
578,"
		整个元旦北京被雾霾笼罩，很多人在总结自己2016的成功、不易和2017年的美好展望，我也没有绞尽脑汁从年初回忆到现在到底经历了些什么，每个人都不容易，每个人都努力生活得更好。我最近很焦灼，因为一些不可预期的事情，在北京多年，在这个城市能积累下什么好朋友，什么样的舒服得生活，或许就是挣一点 ​
			...展开全文c
",2017-1-2
579,"
元旦 ​
		",2017-1-2
580,"
济州岛2017元旦行 |韩国·가자... 秒拍视频 . ​
		",2017-1-2
581,"
元旦 ​
		",2017-1-2
582,"
		D2197周一：元旦三天少女玩的挺开心，老家的马路逛逛，小伙伴约约瓜子磕磕，跟哥哥在一起的时候就是个跟屁虫，哥哥走哪里她就跟到哪里，希望新的一年少女要继续这么开心，好好享受幼儿园最后的欢乐时光 ​
		",2017-1-2
583,"
		银杏湖的跨年夜，2017，元旦快乐～ ​
		",2017-1-2
584,"
元旦节依然无法拯救的疲惫，明天又是充实的一天
",2016-12-29
585,"
元旦节要好好的躺着挺尸，什么龙泉项目都等着节后来板命吧。。。 ​
	",2017-1-2
586,"
元旦过得好快… ​
		",2017-1-2
587,"
		感觉卧室的电视有半年时间没在晚上开过了今天琢磨没事可以躺下看看久违的电视，结果选了个特别脑残的片看《移动迷宫2》完全是集合奔跑、游戏、丧失、病毒等一系列欧美元素，综合性失败电影，比昨晚看景甜的长城还不如元旦很累，姑娘起夜频繁，我在祈祷 ​
		",2017-1-2
588,"
#元旦有惊喜#给力无极限 好运连连看！
		",2016-12-30
589,"
#元旦有惊喜#新年新气象，建信祝您新年快乐，好礼送给您! 网页链接 ​
	",2017-1-2
590,"
元旦，吃了一家正宗的印度餐厅。说实话印度食物有一股浓浓的调料味，不过咖喱羊肉确实好吃。还去吃了一家蒸汽海鲜餐厅，食材新鲜，现点现做，鱼蟹虾贝吃得很爽，就是有点贵 ​
		",2017-1-2
591,"
元旦美食之旅人物篇 ​
		",2017-1-2
592,"
		瓯北群众元旦都在置诚广场…… |温州·阳光... ​
		",2017-1-2
593,"
#闪亮的爸爸白举纲# 元旦快乐，和孩子们一起过看着都happy
",2017-1-1
594,"
元旦快乐 ​
	",2017-1-2
595,"
		Day 1203 元旦假期最后一天，还是在家里窝着。这三天那也没带她去玩，乖乖养精蓄锐呢幸好粑粑在家，多少都能搭把手啊。明天又工作日了，年前小7宝应该不会去幼儿园了，刚轻松了几天，这又是要回到解放前的节奏啊 ​
		",2017-1-2
596,"
		星期️上午钢琴课，下午写作业，晚上彩排星期️上午写作业，中午彩排，下午逛书店，去太奶奶家玩，晚上聚餐星期️上午彩排，下午演出，晚上夜深人静，回想“元旦假期就这样结束啦”？明天又要早起啦？我怎么觉得假期还没开始呢 ​
		",2017-1-2
597,"
#元旦话心愿# 愿爸妈身体健康！ 网页链接 ​
		",2017-1-2
598,"
元旦三天 |天津·西青... ​
		",2017-1-2
599,"
		必看视频！“过完元旦就等着盼着过年的你的工作状态”我的朋友是...（使用#秒拍#录制,免流量看热门短视频!） ​
		",2017-1-2
600,"
2017年～元旦～吃货～过瘾 ​
		",2017-1-2
601,"
		一向准时准点的period推迟在年底最后一天来临，索性元旦在床上躺了三天，今天出门补充营养，然后去听了一场音乐会，难忘，约翰·施特劳斯，难忘，这一曲蓝色多瑙河。 ​
		",2017-1-2
602,"
		2017.1.2元旦结束了，基本蜗居而过。社交恐慌。找人安了窗帘，买了小米台灯，收拾了房间，家的感觉，很舒服。看王菲的演唱会，很多人在喷，我却越来越喜欢她。她的高冷形象与安妮@庆山-安妮宝贝 的影子重合，觉得她们是同一种灵魂。也看了好多跨年晚会，江苏的好点。看客都是九零、零零后了，好多人 ​
			...展开全文c
",2017-1-2
603,"
		这个元旦有大家一起互相陪着真的是很开心，想想一起都五年了，能一直这样真的很不容易，真的很感恩能让我遇见你们这一帮人，2017年大家一定要过的更好，没脱单的尽快脱单哈，2017大家一起奋斗吧 |西安·未央... ​
		",2017-1-2
604,"
		17个月8天！2017年了，感恩时间，现在的贝壳算是我理想中的样子，健康快乐！元旦三天假妈妈过来了！开心！和朋友们去吃了年饭，开心！希望今年一直这样开开心心，家人要身体健康 ​
		",2017-1-2
605,"
#橙娘，我要推荐# 我和871355个小伙伴都很喜欢《4点37（元旦快乐）》这款棒棒哒游戏 大家还不快来一起试试吗(๑•ㅂ•)و✧（分享自@橙光游戏中心） 游戏地址： 网页链接 ​
		",2017-1-2
