query,Post ID,keyword,event Date,Post Content,Post Time
万圣节;2016-11-01;2016-10-31;2016-11-02;50,1,万圣节,2016-11-01,"
		這是萬聖節派對嗎你的吸血鬼造型呢
",2016-11-2
万圣节;2016-11-01;2016-10-31;2016-11-02;50,2,万圣节,2016-11-01,"
	  来找表弟狂欢结果搞出事情 ​
	",2016-11-2
万圣节;2016-11-01;2016-10-31;2016-11-02;50,3,万圣节,2016-11-01,"
		会玩的宝宝们早早就盼望并度过了2016西部影视空间站的万圣节party—魔幻夜的“狂欢”。这里有你喜欢的桌游奶茶咖啡，有满足电影迷的免费影咖。🙄🙄 |兰州·雁滩... ​
		",2016-11-2
万圣节;2016-11-01;2016-10-31;2016-11-02;50,4,万圣节,2016-11-01,"
万圣节 ​
		",2016-11-2
万圣节;2016-11-01;2016-10-31;2016-11-02;50,5,万圣节,2016-11-01,"
		【鸡毛秀】《父母假装吃光了孩子的万圣节糖果》2014版#哔哩哔哩动画# 网页链接 ​
		",2016-11-2
万圣节;2016-11-01;2016-10-31;2016-11-02;50,6,万圣节,2016-11-01,"
		长隆欢乐万圣节～☠☠⚰⚰ ​
		",2016-11-2
万圣节;2016-11-01;2016-10-31;2016-11-02;50,7,万圣节,2016-11-01,"
		『我吃光了你的万圣节糖果 2013年版 中文字幕 Nuno听译』我吃光了你... ​
		",2016-11-2
万圣节;2016-11-01;2016-10-31;2016-11-02;50,8,万圣节,2016-11-01,"
万圣节的宝宝们都吓坏了
		",2016-10-31
万圣节;2016-11-01;2016-10-31;2016-11-02;50,9,万圣节,2016-11-01,"
#莫名的喜感# 吓死本宝宝了，还好我们这里不过万圣节！！！秒拍视频 ​
	",2016-11-2
万圣节;2016-11-01;2016-10-31;2016-11-02;50,10,万圣节,2016-11-01,"
#陳楚河# 萬聖節趴踢嗎 感覺很有趣啊～～～
		",2016-11-2
万圣节;2016-11-01;2016-10-31;2016-11-02;50,11,万圣节,2016-11-01,"
	  来找表弟狂欢结果搞出事情 ​
	",2016-11-2
万圣节;2016-11-01;2016-10-31;2016-11-02;50,12,万圣节,2016-11-01,"
		2016万圣节：最赞的名人装扮 网页链接 ​
		",2016-11-2
万圣节;2016-11-01;2016-10-31;2016-11-02;50,13,万圣节,2016-11-01,"
#嗅美万圣节狂欢盛宴#好活动HOLD不住了，积极来参与，鼎力支持活动，每一次转发都是幸福的传递， 每一次收获都是努力的结果，怀着感恩与饱满的热情来转发！
		",2016-10-29
万圣节;2016-11-01;2016-10-31;2016-11-02;50,14,万圣节,2016-11-01,"
#嗅美万圣节狂欢盛宴#转发关注此微博参与万圣节活动，即有机会跟小美一起在三里屯Live in club 嗨翻整个万圣节之夜哦~ 更有各种其他精彩礼物等待着大家[抱抱_旧] 网页链接 ​
	",2016-11-2
万圣节;2016-11-01;2016-10-31;2016-11-02;50,15,万圣节,2016-11-01,"
		补发 ~前两天 嗨翻 万圣节  |福州·闽侯... ​
		",2016-11-2
万圣节;2016-11-01;2016-10-31;2016-11-02;50,16,万圣节,2016-11-01,"
#嗅美万圣节狂欢盛宴#时刻关注你们的活动 始终是你们的忠实粉丝 祝愿你们每天开心快乐!
		",2016-10-29
万圣节;2016-11-01;2016-10-31;2016-11-02;50,17,万圣节,2016-11-01,"
#嗅美万圣节狂欢盛宴#转发关注此微博参与万圣节活动，即有机会跟小美一起在三里屯Live in club 嗨翻整个万圣节之夜哦~ 更有各种其他精彩礼物等待着大家[抱抱_旧] 网页链接 ​
	",2016-11-2
万圣节;2016-11-01;2016-10-31;2016-11-02;50,18,万圣节,2016-11-01,"
		《银河护卫队2》万圣节特别版恶搞预告。 秒拍视频 . ​
		",2016-11-2
万圣节;2016-11-01;2016-10-31;2016-11-02;50,19,万圣节,2016-11-01,"
		来参加环球漫游#万圣节之夜#搞怪内容大赛赢手机游戏手柄吧！ @E度娘无所不能 @丶囚奴灬 @我就爱我丶
",2016-10-28
万圣节;2016-11-01;2016-10-31;2016-11-02;50,20,万圣节,2016-11-01,"
	  该微博因被多人举报，根据《微博社区管理规定》，已被删除。查看帮助：|转发的微博...
",2016-11-2
万圣节;2016-11-01;2016-10-31;2016-11-02;50,21,万圣节,2016-11-01,"
		果然 要脸小就要在脸大人的隔壁 这是万圣节派对 途中 ​
		",2016-11-2
万圣节;2016-11-01;2016-10-31;2016-11-02;50,22,万圣节,2016-11-01,"
万圣节早就过去了！一个玩笑把我吓着了，晚安了！自己也得努力了 |北京·丰台... ​
		",2016-11-2
万圣节;2016-11-01;2016-10-31;2016-11-02;50,23,万圣节,2016-11-01,"
#嗅美万圣节狂欢盛宴#意盎然的季节！祝愿大家都生机勃勃，郁郁葱葱！
		",2016-10-29
万圣节;2016-11-01;2016-10-31;2016-11-02;50,24,万圣节,2016-11-01,"
#嗅美万圣节狂欢盛宴#转发关注此微博参与万圣节活动，即有机会跟小美一起在三里屯Live in club 嗨翻整个万圣节之夜哦~ 更有各种其他精彩礼物等待着大家[抱抱_旧] 网页链接 ​
	",2016-11-2
万圣节;2016-11-01;2016-10-31;2016-11-02;50,25,万圣节,2016-11-01,"
		二团哥哥就是好 我一个屏幕饭看着万圣节live都感觉要来姨妈了 ​
		",2016-11-2
万圣节;2016-11-01;2016-10-31;2016-11-02;50,26,万圣节,2016-11-01,"
#MM旁白# “万圣节”有人说是西方的节日中国人不要掺活，有人说是“鬼节”会带来不好的东西…………我觉得文化是多元化的，让孩子参与多了解一点儿没什么坏处反正地球是平的，说不定哪天我们就走过去了 ​
		",2016-11-2
万圣节;2016-11-01;2016-10-31;2016-11-02;50,27,万圣节,2016-11-01,"
		扮""无脸男""参加万圣节派对的小朋友，卸妆后的真面目居然这么可爱 ​
		",2016-11-2
万圣节;2016-11-01;2016-10-31;2016-11-02;50,28,万圣节,2016-11-01,"
万圣节大餐：中国有僵尸企业，美国有僵尸油井-财经频道-手机搜狐 |万圣节大餐...（分享自 @手机搜狐） ​
		",2016-11-2
万圣节;2016-11-01;2016-10-31;2016-11-02;50,29,万圣节,2016-11-01,"
		昨天是我生日有人陪我过生日 前天是万圣节 今天是星期三 明天是星期四 后天是星期五 …… ​
		",2016-11-2
万圣节;2016-11-01;2016-10-31;2016-11-02;50,30,万圣节,2016-11-01,"
		今天简直开心得不能再开心啦 跟我的哥哥终于合影了！玩了整个欢乐谷 还有万圣节无聊到透顶的鬼屋 从此以后可以叫我无敌Ru!还有 第三张附图的哥哥的微信号联系方式可不可以给我他对我笑的样子卧槽简直太他妈暖了 表演结束了以后我一直看着他一直看他一直看他！好不服气@武汉欢乐谷 ​
		",2016-11-2
万圣节;2016-11-01;2016-10-31;2016-11-02;50,31,万圣节,2016-11-01,"
		好像万圣节已经过去了最近记性真的不好，我都不记得万圣节我去干嘛了。 ​
		",2016-11-2
万圣节;2016-11-01;2016-10-31;2016-11-02;50,32,万圣节,2016-11-01,"
		20161031阿布的第二场万圣节派对今晚带两娃，一对，白雪公主和王子。 ​
		",2016-11-2
万圣节;2016-11-01;2016-10-31;2016-11-02;50,33,万圣节,2016-11-01,"
		2016万圣节：最赞的名人装扮 网页链接 ​
		",2016-11-2
万圣节;2016-11-01;2016-10-31;2016-11-02;50,34,万圣节,2016-11-01,"
		提醒小伙伴们，万圣节活动助战的道具可以换QP了 ​
		",2016-11-2
万圣节;2016-11-01;2016-10-31;2016-11-02;50,35,万圣节,2016-11-01,"
		17死42伤 芝加哥万圣节刷新“最血腥周末”纪录-观察者网===这下真的成了名符其实的鬼节了。 |17死42伤！... ​
		",2016-11-2
万圣节;2016-11-01;2016-10-31;2016-11-02;50,36,万圣节,2016-11-01,"
万圣节快乐+1+明年
",2016-11-1
万圣节;2016-11-01;2016-10-31;2016-11-02;50,37,万圣节,2016-11-01,"
	  姐姐给我的！万圣节快乐 ​
	",2016-11-2
万圣节;2016-11-01;2016-10-31;2016-11-02;50,38,万圣节,2016-11-01,"
		补发：陪儿子在幼儿园过的第一个万圣节！纪念一下！ ​
		",2016-11-2
万圣节;2016-11-01;2016-10-31;2016-11-02;50,39,万圣节,2016-11-01,"
		2016年10月某日在世界之窗的万圣节是我觉得最好玩，最刺激的，最开心的一次…还是用优惠券抢到票的呢…前几年选去玩的日子不是人太多就是不惊悚 ​
		",2016-11-2
万圣节;2016-11-01;2016-10-31;2016-11-02;50,40,万圣节,2016-11-01,"
		我把你的万圣节糖果吃完了。孩子的反应
",2016-11-2
万圣节;2016-11-01;2016-10-31;2016-11-02;50,41,万圣节,2016-11-01,"
	  2016年版“我把你的万圣节糖果吃完了”熟肉来了 ［#DC字幕组#出品］ Luv_DC的秒... ​
	",2016-11-2
万圣节;2016-11-01;2016-10-31;2016-11-02;50,42,万圣节,2016-11-01,"
		当“万圣节”与“湘西赶尸”相遇，究竟会擦出怎样的火花？是魔鬼的游戏还是群鸦的盛宴？敬请关注52杏林年度巨献《丧尸鬼混》 今晚你路过了谁，谁又撞上了你？ ​
		",2016-11-2
万圣节;2016-11-01;2016-10-31;2016-11-02;50,43,万圣节,2016-11-01,"
		补发一个万圣节照骗 ​
		",2016-11-2
万圣节;2016-11-01;2016-10-31;2016-11-02;50,44,万圣节,2016-11-01,"
#万圣节来了#p1万圣节收到的糖，p2.p3迟到的万圣节福利gun ​
		",2016-11-2
万圣节;2016-11-01;2016-10-31;2016-11-02;50,45,万圣节,2016-11-01,"
万圣节过后发现了什么不得了的东西 ​
		",2016-11-2
万圣节;2016-11-01;2016-10-31;2016-11-02;50,46,万圣节,2016-11-01,"
		只要心里有鬼 每天都是万圣节#万圣节# ​
		",2016-11-2
万圣节;2016-11-01;2016-10-31;2016-11-02;50,47,万圣节,2016-11-01,"
#万圣节之夜#节日快乐！ @aaa珍稀爱520 @亲爱的丶没有问题 @你硬了么2
",2016-10-28
万圣节;2016-11-01;2016-10-31;2016-11-02;50,48,万圣节,2016-11-01,"
	  该微博因被多人举报，根据《微博社区管理规定》，已被删除。查看帮助：|转发的微博...
",2016-11-2
万圣节;2016-11-01;2016-10-31;2016-11-02;50,49,万圣节,2016-11-01,"
万圣节大家都在聚会，派对，狂欢 而我已经开好了房 ， ， ， ， ， ， ， 间的台灯 开始了无止尽的学习 我爱学习 学习使我快乐 ​
		",2016-11-2
万圣节;2016-11-01;2016-10-31;2016-11-02;50,50,万圣节,2016-11-01,"
		好可爱！吃了外国小朋友万圣节的糖果，竟然如此难过
",2016-11-2
万圣节;2016-11-01;2016-10-31;2016-11-02;50,51,万圣节,2016-11-01,"
	  我把你的万圣节糖果全吃完啦 ！！ 哈哈。。今年万圣节的坑娃专辑.....  每年万圣节的必选节目好么！！！ 英国那些事... ​
	",2016-11-2
万圣节;2016-11-01;2016-10-31;2016-11-02;50,52,万圣节,2016-11-01,"
#万圣节来西麦捣蛋有惊喜#给力啊大家都来支持吧，好想得到啊，希望有好运。
		",2016-10-27
万圣节;2016-11-01;2016-10-31;2016-11-02;50,53,万圣节,2016-11-01,"
#万圣节来西麦捣蛋有惊喜#万圣夜，披着你的床单，戴上你的面具，提着南瓜灯，叩响西麦大门，嚷嚷着“不给糖就捣蛋！”，来西麦捣蛋没糖果，然鹅，只要转发就有机会获得【西麦黑芝麻核桃粉】哦，富含蛋白质维生素，赶走大鬼小鬼，身体倍儿棒。 网页链接 ​
	",2016-11-2
万圣节;2016-11-01;2016-10-31;2016-11-02;50,54,万圣节,2016-11-01,"
万圣节，哥特风潮全部出来“鬼混”了~ ​
		",2016-11-2
万圣节;2016-11-01;2016-10-31;2016-11-02;50,55,万圣节,2016-11-01,"
#嗅美万圣节狂欢盛宴#好棒的奖品呀，好希望我就是最幸运的那一个，希望能如愿哦
",2016-10-29
万圣节;2016-11-01;2016-10-31;2016-11-02;50,56,万圣节,2016-11-01,"
#嗅美万圣节狂欢盛宴#转发关注此微博参与万圣节活动，即有机会跟小美一起在三里屯Live in club 嗨翻整个万圣节之夜哦~ 更有各种其他精彩礼物等待着大家[抱抱_旧] 网页链接 ​
	",2016-11-2
万圣节;2016-11-01;2016-10-31;2016-11-02;50,57,万圣节,2016-11-01,"
		每日一发，万圣节过完该准备圣诞节了，一刻也不得闲 ​
		",2016-11-2
万圣节;2016-11-01;2016-10-31;2016-11-02;50,58,万圣节,2016-11-01,"
		11.2打卡✅啊啊啊我的hobo终于从新疆发到江苏分拨中心了qwq等的太艰难了！补了一页万圣节的手帐…然后就肝妖气了，而且真的好冷啊……晚上不穿袜子坐着冻到发抖SR成就达成下一个目标，大狗子！茨木爸爸！美鹿！长腿灯姐！阎魔！荒川！妖刀姬！组队打妖气总会遇到zz，差点翻车 ​
			...展开全文c
",2016-11-2
万圣节;2016-11-01;2016-10-31;2016-11-02;50,59,万圣节,2016-11-01,"
#Somi# 161028 音乐银行上班 新闻图自修⑵ 这句万圣节的小南瓜造型真的是我至今为止最喜欢的造型没有之一！！！又顽皮可爱又有少女气质，完全符合这个年龄的米！！！ ​
		",2016-11-2
万圣节;2016-11-01;2016-10-31;2016-11-02;50,60,万圣节,2016-11-01,"
		发表了博文《{}【影集】“群魔乱舞”的CIC万圣节》在刚刚过去的万圣节中，哥伦比亚国际学院举办了南瓜雕刻比赛、Wonderland之夜、主题午餐、舞会和化妆比赛等活动。师生们发挥无限想象，别出心裁的装|【影集】“... ​
		",2016-11-2
万圣节;2016-11-01;2016-10-31;2016-11-02;50,61,万圣节,2016-11-01,"
		我跟铺子描述了一下我是怎么过完万圣节假期的：早上醒来想到第二天就要交作业感到忧伤于是睡到了中午，下午起来后想到得写作业感到忧伤于是玩了一下午，晚上吃完饭后忧伤地拖延了三个小时后最终花了两小时把作业写完了。 ​
		",2016-11-2
万圣节;2016-11-01;2016-10-31;2016-11-02;50,62,万圣节,2016-11-01,"
#万圣节电影票转发抽奖福利#分享个好玩的活动给你们，都来看看吧。
",2016-10-31
万圣节;2016-11-01;2016-10-31;2016-11-02;50,63,万圣节,2016-11-01,"
#万圣节电影票转发抽奖福利# 又到了钱牛牛每逢佳节送福利的时间~万圣节除了装鬼之外也和鬼鬼的TA去看好片，无门槛转发本条~牛牛将在11月3号抽出5位幸运儿，每人送两张格瓦拉绿券哦！快快转发吧 网页链接 ​
	",2016-11-2
万圣节;2016-11-01;2016-10-31;2016-11-02;50,64,万圣节,2016-11-01,"
#万圣节和小俱鬼混#从前，微博有一只鬼，后来这只鬼不见了，微博有鬼。
		",2016-10-31
万圣节;2016-11-01;2016-10-31;2016-11-02;50,65,万圣节,2016-11-01,"
#万圣节和小俱鬼混#【有奖转发送手机】即日起截止至11月1日23:59，关注@中国移动手机俱乐部 ，转发本条微博，并在转发评论中用一句话给小俱讲一个鬼故事，就有机会获得中国移动N2手机一部~小俱已经准备好了，快来一起鬼混吧！ ​
	",2016-11-2
万圣节;2016-11-01;2016-10-31;2016-11-02;50,66,万圣节,2016-11-01,"
		老前辈让我看，我天蝎座的秘密宝典，才开口开了个头，就被神秘的暗器霹雳银梭暗算死了，宝典重现江湖，翻看了两段，赫然发现，竟然仿佛就是关于朕身世之谜，可惜太累，还没来得及把它看完，就 不省人事昏迷了。谁知道，一夜之间，宝典就 自动消失了！难道是万圣节，微博有鬼？敌人姐，你去 调查，查不 ​
			...展开全文c
",2016-11-2
万圣节;2016-11-01;2016-10-31;2016-11-02;50,67,万圣节,2016-11-01,"
#于湉# 我分享了文章：聚范直播搜狐万圣节大趴 胡彦斌于湉带“范爷”看校花 |网页链接 ​
		",2016-11-2
万圣节;2016-11-01;2016-10-31;2016-11-02;50,68,万圣节,2016-11-01,"
		长隆万圣节好有气氛。最恐怖鬼屋，午夜山谷，监狱废墟，邪恶古堡 ​
		",2016-11-2
万圣节;2016-11-01;2016-10-31;2016-11-02;50,69,万圣节,2016-11-01,"
#嗅美万圣节狂欢盛宴# 活动很给力，大家一起来分享 希望大家都能开心的过每一天.
",2016-10-29
万圣节;2016-11-01;2016-10-31;2016-11-02;50,70,万圣节,2016-11-01,"
#嗅美万圣节狂欢盛宴#转发关注此微博参与万圣节活动，即有机会跟小美一起在三里屯Live in club 嗨翻整个万圣节之夜哦~ 更有各种其他精彩礼物等待着大家[抱抱_旧] 网页链接 ​
	",2016-11-2
万圣节;2016-11-01;2016-10-31;2016-11-02;50,71,万圣节,2016-11-01,"
		昨晚画的【南瓜怪兽】。过个万圣节，幼儿园收的家庭作业，三层，放着展台上，天天路过，瞟一眼也能有印象了吧。这种生活观察的创作，我最喜欢！ ​
		",2016-11-2
万圣节;2016-11-01;2016-10-31;2016-11-02;50,72,万圣节,2016-11-01,"
		好痛心的一句“我把你的万圣节糖果吃完了”
		",2016-11-2
万圣节;2016-11-01;2016-10-31;2016-11-02;50,73,万圣节,2016-11-01,"
	  2016年版“我把你的万圣节糖果吃完了”熟肉来了 ［#DC字幕组#出品］ Luv_DC的秒... ​
	",2016-11-2
万圣节;2016-11-01;2016-10-31;2016-11-02;50,74,万圣节,2016-11-01,"
		每年万圣节，那些有钱有空的孩子妈们就好好打扮一番显得自己有品味懂风情，潘驴邓小闲们则趁机撩菜，而孩子，不过是摆设罢了。一部金瓶梅，解尔万古愁。 ​
		",2016-11-2
万圣节;2016-11-01;2016-10-31;2016-11-02;50,75,万圣节,2016-11-01,"
万圣节派对之后我和我的上司就这样醉醺醺的摇头晃脑的回家了哈哈哈哈哈哈哈怪不得马路上好多人看着我哈哈哈哈哈 ​
		",2016-11-2
万圣节;2016-11-01;2016-10-31;2016-11-02;50,76,万圣节,2016-11-01,"
		最嗨的一个万圣节 |呼和浩特·... ​
		",2016-11-2
万圣节;2016-11-01;2016-10-31;2016-11-02;50,77,万圣节,2016-11-01,"
		深圳之行❤第一次和那么多人一起过万圣节有时候脱离开熟悉的环境去到陌生的城市感受他们的感受真是挺不错的。 |深圳·世界... ​
		",2016-11-2
万圣节;2016-11-01;2016-10-31;2016-11-02;50,78,万圣节,2016-11-01,"
		去年的万圣节在欢乐谷，一天内玩了13个项目，现在翻看照片，还挺想念的 |上海·漕宝... ​
		",2016-11-2
万圣节;2016-11-01;2016-10-31;2016-11-02;50,79,万圣节,2016-11-01,"
#万圣节来西麦捣蛋有惊喜#我是一个知足常乐的人，我期待着生活中的小惊喜
		",2016-10-27
万圣节;2016-11-01;2016-10-31;2016-11-02;50,80,万圣节,2016-11-01,"
#万圣节来西麦捣蛋有惊喜#万圣夜，披着你的床单，戴上你的面具，提着南瓜灯，叩响西麦大门，嚷嚷着“不给糖就捣蛋！”，来西麦捣蛋没糖果，然鹅，只要转发就有机会获得【西麦黑芝麻核桃粉】哦，富含蛋白质维生素，赶走大鬼小鬼，身体倍儿棒。 网页链接 ​
	",2016-11-2
万圣节;2016-11-01;2016-10-31;2016-11-02;50,81,万圣节,2016-11-01,"
		也看了好几个月元团的live了，当了20年抗韩少女，也要承认他们舞台的美术设计和镜头转播，水准至少领先个30年吧，傻冒搞概念的水平也rnb，那些圣诞小情歌们，如果我还是10年前的NC真少女（。看到初雪那个站两排live，入个坑也是可以理解的，很对胃口。顺便B站误入开闭的幸运曲奇万圣节版…………好吧我 ​
			...展开全文c
",2016-11-2
万圣节;2016-11-01;2016-10-31;2016-11-02;50,82,万圣节,2016-11-01,"
#万圣节来西麦捣蛋有惊喜#祝小编薪水天天高涨，不怕通货膨胀.
		",2016-10-27
万圣节;2016-11-01;2016-10-31;2016-11-02;50,83,万圣节,2016-11-01,"
#万圣节来西麦捣蛋有惊喜#万圣夜，披着你的床单，戴上你的面具，提着南瓜灯，叩响西麦大门，嚷嚷着“不给糖就捣蛋！”，来西麦捣蛋没糖果，然鹅，只要转发就有机会获得【西麦黑芝麻核桃粉】哦，富含蛋白质维生素，赶走大鬼小鬼，身体倍儿棒。 网页链接 ​
	",2016-11-2
万圣节;2016-11-01;2016-10-31;2016-11-02;50,84,万圣节,2016-11-01,"
		睡前还账！借着万圣节的热度这次的#三日一物# 做了个小南瓜，还有花同学的浮雕南瓜陪伴。 |北京·东坝 ​
		",2016-11-2
万圣节;2016-11-01;2016-10-31;2016-11-02;50,85,万圣节,2016-11-01,"
		已经笑疯了，我在想如果我对女儿这么说万圣节糖果被我吃光了，会怎样呢？
		",2016-11-2
万圣节;2016-11-01;2016-10-31;2016-11-02;50,86,万圣节,2016-11-01,"
	  一年一度的【我吃光了孩子的万圣节糖果】缺德家长视频大赛又来了！今年已是鸡毛秀连续第六年怂恿家长干这种丧心病狂的事了心疼孩子们，尤其是最后那个小妹妹 【熟肉视频】→ 秒拍视频 ​
	",2016-11-2
万圣节;2016-11-01;2016-10-31;2016-11-02;50,87,万圣节,2016-11-01,"
#Halloween万圣节# 第二弹！这么多年来了英国才算是真正过了回万圣节～明年翻到这条微博一定会怀念死的 |英国·曼彻... ​
		",2016-11-2
万圣节;2016-11-01;2016-10-31;2016-11-02;50,88,万圣节,2016-11-01,"
万圣节×生日趴=厉害啦 |澳大利亚·... ​
		",2016-11-2
万圣节;2016-11-01;2016-10-31;2016-11-02;50,89,万圣节,2016-11-01,"
		看到今天的万圣节狗粮之后，不知道为什么突然想起了这个「最棒的年初」……这么快又要一年了啊！突然心好暖。 ​
		",2016-11-2
万圣节;2016-11-01;2016-10-31;2016-11-02;50,90,万圣节,2016-11-01,"
		哈哈哈哈 觉得万圣节真的好好玩 //@治愈系心理学://@李_团团:又是一年一度的整小朋友
		",2016-11-2
万圣节;2016-11-01;2016-10-31;2016-11-02;50,91,万圣节,2016-11-01,"
	  “我把你的万圣节糖果全吃完啦 ！” 万圣节的坑娃专辑~ 第一个爹太坏了，还让爬起来看空盆，二次伤害好残酷好吗！ 分享~ #满满的套路# 英国那些事... ​
	",2016-11-2
万圣节;2016-11-01;2016-10-31;2016-11-02;50,92,万圣节,2016-11-01,"
		FURLA澳洲第一隻訂製 可以算是萬聖節禮物嗎Thank u，Amy！Thanks @Furla芙拉 ​
		",2016-11-2
万圣节;2016-11-01;2016-10-31;2016-11-02;50,93,万圣节,2016-11-01,"
		虽然万圣节这个莫名其妙的节日真的与我无关，但是吉米鸡毛秀每年万圣节过后的『我把你的糖果吃光了』都是必看十遍以上的环节，看着宝宝们被整真是萌坏了…
		",2016-11-2
万圣节;2016-11-01;2016-10-31;2016-11-02;50,94,万圣节,2016-11-01,"
	  2016年版“我把你的万圣节糖果吃完了”熟肉来了 ［#DC字幕组#出品］ Luv_DC的秒... ​
	",2016-11-2
万圣节;2016-11-01;2016-10-31;2016-11-02;50,95,万圣节,2016-11-01,"
万圣节错过了上新，圣诞节不能错过了，未完待。。。。。 ​
		",2016-11-2
万圣节;2016-11-01;2016-10-31;2016-11-02;50,96,万圣节,2016-11-01,"
		对#盾冬# 说“我把你的万圣节糖果都吃光了！”看看他们是什么反应（我是作者的鬼魂） ​
		",2016-11-2
万圣节;2016-11-01;2016-10-31;2016-11-02;50,97,万圣节,2016-11-01,"
		白天过情人节，晚上过万圣节 秒拍视频 . ​
		",2016-11-2
万圣节;2016-11-01;2016-10-31;2016-11-02;50,98,万圣节,2016-11-01,"
		这日子还能不能好好过了，白天跟你过情人节，晚上跟你过万圣节！#满满的套路# 秒拍视频 . ​
		",2016-11-2
万圣节;2016-11-01;2016-10-31;2016-11-02;50,99,万圣节,2016-11-01,"
		摩登家庭回顾：万圣节4：Rod Skyhook的复仇 网页链接 ​
		",2016-11-2
万圣节;2016-11-01;2016-10-31;2016-11-02;50,100,万圣节,2016-11-01,"
		跟小姑娘出门就有拍不完的照！～补一张万圣节的妆容凑数 ​
		",2016-11-2
万圣节;2016-11-01;2016-10-31;2016-11-02;50,101,万圣节,2016-11-01,"
		北方冬天的万圣节一个人忘了怎么过那么可恶的“11.11”还是一个人之后的圣诞节也没有圣诞老人然而最后的生日快乐还是我一个人过 ​
		",2016-11-2
万圣节;2016-11-01;2016-10-31;2016-11-02;50,102,万圣节,2016-11-01,"
		过了一个礼拜的万圣节终于结束了  |北京 ​
		",2016-11-2
万圣节;2016-11-01;2016-10-31;2016-11-02;50,103,万圣节,2016-11-01,"
		2016万圣节：最赞的名人装扮 网页链接 ​
		",2016-11-2
万圣节;2016-11-01;2016-10-31;2016-11-02;50,104,万圣节,2016-11-01,"
		补拍万圣节 ​
		",2016-11-2
万圣节;2016-11-01;2016-10-31;2016-11-02;50,105,万圣节,2016-11-01,"
万圣节 ​
		",2016-11-2
万圣节;2016-11-01;2016-10-31;2016-11-02;50,106,万圣节,2016-11-01,"
		只是想发个图片🤔致过去的万圣节🙃（最近没有自拍） ​
		",2016-11-2
万圣节;2016-11-01;2016-10-31;2016-11-02;50,107,万圣节,2016-11-01,"
		每每临近各种节日总是倍感凄凉🙁，万圣节才走光棍节又来🙁，一大波带着狗粮的情侣狗正在呼啸奔腾而来🙄🙄🙄 ​
		",2016-11-2
万圣节;2016-11-01;2016-10-31;2016-11-02;50,108,万圣节,2016-11-01,"
		瓦特薰哥哥也生日。这才几天就四个人了。被万圣节吓出来的吗？ ​
		",2016-11-2
万圣节;2016-11-01;2016-10-31;2016-11-02;50,109,万圣节,2016-11-01,"
#网易阴阳师手游# #茨酒# 迟到的万圣节贺图会看见吗@阴阳师同人收集 ​
		",2016-11-2
万圣节;2016-11-01;2016-10-31;2016-11-02;50,110,万圣节,2016-11-01,"
		奔波了一整晚的万圣节，小伙伴们都幸苦了 你们都棒棒哒！🏻🏻#汕头学化妆##汕头专业化妆培训##汕头新娘妆##汕头化妆师少珊##汕头 澄海 潮州 潮阳 普宁 惠州 揭阳 南澳 化妆师##谷饶 峡山 饶平 司马 流沙 庵埠 新娘妆##AMY时尚新娘造型##AMY婚纱礼服嫁衣租售##美睫美甲# ​
			...展开全文c
",2016-11-2
万圣节;2016-11-01;2016-10-31;2016-11-02;50,111,万圣节,2016-11-01,"
		收到就好~迟来的万圣节快乐！（？）
		",2016-11-2
万圣节;2016-11-01;2016-10-31;2016-11-02;50,112,万圣节,2016-11-01,"
	  女朋友@终焉颂曲 太爱我了强行送我万圣节礼物 ​
	",2016-11-2
万圣节;2016-11-01;2016-10-31;2016-11-02;50,113,万圣节,2016-11-01,"
		""美国土豪Dan Bilzerian 携一群火辣妹子扫射万圣节南瓜 "",人生赢家阿污辣辣污啦...（使用#秒拍#录制） ​
		",2016-11-2
万圣节;2016-11-01;2016-10-31;2016-11-02;50,114,万圣节,2016-11-01,"
		发表了一篇转载博文《[转载]万圣节：每年10月底有趣的节日！》|[转载]万圣... ​
		",2016-11-2
万圣节;2016-11-01;2016-10-31;2016-11-02;50,115,万圣节,2016-11-01,"
		纪念肉蟹煲万圣节 |沈阳·东中... ​
		",2016-11-2
万圣节;2016-11-01;2016-10-31;2016-11-02;50,116,万圣节,2016-11-01,"
#万圣节来西麦捣蛋有惊喜#喜欢就转发吧，下一个幸运会是你吗
		",2016-10-27
万圣节;2016-11-01;2016-10-31;2016-11-02;50,117,万圣节,2016-11-01,"
#万圣节来西麦捣蛋有惊喜#万圣夜，披着你的床单，戴上你的面具，提着南瓜灯，叩响西麦大门，嚷嚷着“不给糖就捣蛋！”，来西麦捣蛋没糖果，然鹅，只要转发就有机会获得【西麦黑芝麻核桃粉】哦，富含蛋白质维生素，赶走大鬼小鬼，身体倍儿棒。 网页链接 ​
	",2016-11-2
万圣节;2016-11-01;2016-10-31;2016-11-02;50,118,万圣节,2016-11-01,"
		halloween～感谢所有给我吃糖，送我礼物的朋友们～@苑子文 @苑子豪 @海淀桥北的煲汤能手 @鸡汤再好也要被我喝掉 万圣节快乐～（虽然晚了一天但还是要说哒） ​
		",2016-11-2
万圣节;2016-11-01;2016-10-31;2016-11-02;50,119,万圣节,2016-11-01,"
		参加万圣节活动 |漳州·中闽 秒拍视频 . ​
		",2016-11-2
万圣节;2016-11-01;2016-10-31;2016-11-02;50,120,万圣节,2016-11-01,"
		//据日本媒体报道，今年万圣节平均置装费达7000日元，如果全身装备基本都在1万日元以上。看来大家都玩的相当认真哇！另外，今年最人气装扮是超级玛丽和皮卡丘，新登场人物有特朗普和PIKO大叔。今晚才是真正的万圣夜，约不？
",2016-10-31
万圣节;2016-11-01;2016-10-31;2016-11-02;50,121,万圣节,2016-11-01,"
	  2016年的万圣节，似乎比往年都更热闹，涉谷街头各种群魔乱舞啊，今年警察也首次实行了交通管制。 快来看视频：林萍在日本... ​
	",2016-11-2
万圣节;2016-11-01;2016-10-31;2016-11-02;50,122,万圣节,2016-11-01,"
		补过31好万圣节的生日，感谢我老公的安排，还搞什么意外求婚，欠了不知道几百年了，道行太浅还被我识破了，不过还是满满的感动呀！看我美闺蜜总归赞的，一个是孩子都有了，辣妈闺蜜，恢复迅速，终于可以美起来，搞起来！啊哈哈哈哈！以后生日都不是周末了，想想五年以后才会到周末，我都已经30多了，估 ​
			...展开全文c
",2016-11-2
万圣节;2016-11-01;2016-10-31;2016-11-02;50,123,万圣节,2016-11-01,"
#万圣节之夜# 节日快乐???? @手机用户3290308101 @苦涩青春泛着波纹 @瑶幼焕滔
",2016-10-28
万圣节;2016-11-01;2016-10-31;2016-11-02;50,124,万圣节,2016-11-01,"
	  该微博因被多人举报，根据《微博社区管理规定》，已被删除。查看帮助：|转发的微博...
",2016-11-2
万圣节;2016-11-01;2016-10-31;2016-11-02;50,125,万圣节,2016-11-01,"
		《深夜食堂4》6应景万圣节，是个跟有鬼有关的故事 ​
		",2016-11-2
万圣节;2016-11-01;2016-10-31;2016-11-02;50,126,万圣节,2016-11-01,"
		澳洲 万圣节派对过后 一群年轻男女去7/11买东西 妹子向其中一位男子借六块钱 可是男子却说""掀开裙子让我看看小妹妹我就借你"" 随即被暴怒的妹子狂扁 爷爱怀旧的... 澳洲 妹子... ​
		",2016-11-2
万圣节;2016-11-01;2016-10-31;2016-11-02;50,127,万圣节,2016-11-01,"
#万圣节来西麦捣蛋有惊喜#哈哈，终于等到这个活动喽。等了好长时间了，来吧，大奖
		",2016-10-27
万圣节;2016-11-01;2016-10-31;2016-11-02;50,128,万圣节,2016-11-01,"
#万圣节来西麦捣蛋有惊喜#万圣夜，披着你的床单，戴上你的面具，提着南瓜灯，叩响西麦大门，嚷嚷着“不给糖就捣蛋！”，来西麦捣蛋没糖果，然鹅，只要转发就有机会获得【西麦黑芝麻核桃粉】哦，富含蛋白质维生素，赶走大鬼小鬼，身体倍儿棒。 网页链接 ​
	",2016-11-2
万圣节;2016-11-01;2016-10-31;2016-11-02;50,129,万圣节,2016-11-01,"
#万圣节有奖活动#强烈支持转发。转发此微博:期待~
		",2016-11-1
万圣节;2016-11-01;2016-10-31;2016-11-02;50,130,万圣节,2016-11-01,"
	  【#万圣节#有奖活动！】在这个大鬼小鬼倾巢而出的日子，辣辣也被吓破胆了！下面这组辣辣逃跑的图片，你能找出几个不同之处？转发回答随机抽取5人送出小辣椒万圣节大礼包！ 网页链接 ​
	",2016-11-2
万圣节;2016-11-01;2016-10-31;2016-11-02;50,131,万圣节,2016-11-01,"
		我分享了索尼夸·马丁-格林的一条instagram动态: 欢笑,团聚,衷心的故事,真正的接触周围。并且一些萨沙的扮演者,总是让我敬畏。谢谢,你们所有人(喊出@littlemishperfect源于右上角的照片!)这是另一个伟大的万圣节周末跟踪狂亚特兰大。衷心希望昨晚你们度过了一段美好的时光。G ' ​
		",2016-11-2
万圣节;2016-11-01;2016-10-31;2016-11-02;50,132,万圣节,2016-11-01,"
		【视频】万圣节 怎么能少了 我们可爱的僵小鱼呢 ！！！！ 网页链接 (分享自 @内涵段子) ​
		",2016-11-2
万圣节;2016-11-01;2016-10-31;2016-11-02;50,133,万圣节,2016-11-01,"
		追你这两年每次万圣节都会发微博内 真是个小可爱 吃糖嘛
",2016-10-31
万圣节;2016-11-01;2016-10-31;2016-11-02;50,134,万圣节,2016-11-01,"
	  晚上来找你 ​
	",2016-11-2
万圣节;2016-11-01;2016-10-31;2016-11-02;50,135,万圣节,2016-11-01,"
万圣节快乐 ​
		",2016-11-2
万圣节;2016-11-01;2016-10-31;2016-11-02;50,136,万圣节,2016-11-01,"
万圣节时，主人给家里的爱宠们打扮了一下……喵汪们：就问你们怕不怕！（妈蛋，铲屎的智障怎么破？） ​
		",2016-11-2
万圣节;2016-11-01;2016-10-31;2016-11-02;50,137,万圣节,2016-11-01,"
		我的万圣节糖果吃完了 ​
		",2016-11-2
万圣节;2016-11-01;2016-10-31;2016-11-02;50,138,万圣节,2016-11-01,"
		不过也不要紧，反正放假就在后天了！后天，我们就又能见面了！大不了，这周放假时我们再讲嘛！好好好，就这样吧！今天回来就算是我给大家昨日万圣节的祝福以及科普下与与万圣节撞在一起的身为中国的鬼节———寒衣节的相关知识吧！！！ ​
		",2016-11-2
万圣节;2016-11-01;2016-10-31;2016-11-02;50,139,万圣节,2016-11-01,"
#万圣节快乐#万圣节来喽！缺一个吓人的南瓜灯
",2016-10-28
万圣节;2016-11-01;2016-10-31;2016-11-02;50,140,万圣节,2016-11-01,"
	  抱歉，此微博已被作者删除。查看帮助：|为何微博里...
",2016-11-2
万圣节;2016-11-01;2016-10-31;2016-11-02;50,141,万圣节,2016-11-01,"
		世界上最可怕的事情不是万圣节的小丑和来自美国的恐怖故事，而是你死都想不到的背叛以及对世界深深的怀疑和极其突兀的孤独。 |阿拉善盟·... ​
		",2016-11-2
万圣节;2016-11-01;2016-10-31;2016-11-02;50,142,万圣节,2016-11-01,"
		2016世桥国贸万圣节大趴 网页链接 （分享自 @美篇APP） ​
		",2016-11-2
万圣节;2016-11-01;2016-10-31;2016-11-02;50,143,万圣节,2016-11-01,"
万圣节的愉快体验，幸亏有了爸爸的赞助，不然，你们这个节日会过的比较那么没有色彩哟～～ ​
		",2016-11-2
万圣节;2016-11-01;2016-10-31;2016-11-02;50,144,万圣节,2016-11-01,"
周二的义工活动 万圣节主题，做南瓜灯，大家都很开心~ ​
		",2016-11-2
万圣节;2016-11-01;2016-10-31;2016-11-02;50,145,万圣节,2016-11-01,"
#万圣节电影票转发抽奖福利#分享个好玩的活动给你们，都来看看吧。
",2016-10-31
万圣节;2016-11-01;2016-10-31;2016-11-02;50,146,万圣节,2016-11-01,"
#万圣节电影票转发抽奖福利# 又到了钱牛牛每逢佳节送福利的时间~万圣节除了装鬼之外也和鬼鬼的TA去看好片，无门槛转发本条~牛牛将在11月3号抽出5位幸运儿，每人送两张格瓦拉绿券哦！快快转发吧 网页链接 ​
	",2016-11-2
万圣节;2016-11-01;2016-10-31;2016-11-02;50,147,万圣节,2016-11-01,"
		可爱的家长们…我喜欢的老师们、我大爱的万圣节～以后每年必须high一次 ​
		",2016-11-2
万圣节;2016-11-01;2016-10-31;2016-11-02;50,148,万圣节,2016-11-01,"
		赴美中国留学生万圣节遭群殴 警方已介入_YNET.com北青网 |赴美中国留... ​
		",2016-11-2
万圣节;2016-11-01;2016-10-31;2016-11-02;50,149,万圣节,2016-11-01,"
		盈遊雪白Look？ 要配合返聖誕白雪的主題嘛～ 一過萬聖節，大家便開始忙著安排跟聖誕相關的活動！P.S. 聖誕是我喜歡的節日之一，懷念當年盈遊法國的Christmas Market~#黃紫盈 网页链接 ​
		",2016-11-2
万圣节;2016-11-01;2016-10-31;2016-11-02;50,150,万圣节,2016-11-01,"
#NationalPillsProject# 也挺奇妙的，亲戚开玩笑说“有了小弟弟你妈妈就不爱你了哦”微博上一番口诛笔伐，外国父母骗自己孩子“我们吃光了你的万圣节糖果了哦”微博上一群“哈哈哈哈哈哈哈”，“也是挺玻璃心的人家父母就是在开玩笑啊” 两者都不咋地。 ​
		",2016-11-2
万圣节;2016-11-01;2016-10-31;2016-11-02;50,151,万圣节,2016-11-01,"
		不知道为什么会有种今天是万圣节的错觉……在等哥哥更博…… ​
		",2016-11-2
万圣节;2016-11-01;2016-10-31;2016-11-02;50,152,万圣节,2016-11-01,"
		昨天十点下课 没赶得上万圣节 今天补一发 这种发自拍的好时机 怎么能少了本网骗 |武汉·洪山... ​
		",2016-11-2
万圣节;2016-11-01;2016-10-31;2016-11-02;50,153,万圣节,2016-11-01,"
		来参加环球漫游#万圣节之夜#搞怪内容大赛赢手机游戏手柄吧！ @吴君w标 @jn龙谰晓 @李晨菘_
",2016-10-28
万圣节;2016-11-01;2016-10-31;2016-11-02;50,154,万圣节,2016-11-01,"
	  该微博因被多人举报，根据《微博社区管理规定》，已被删除。查看帮助：|转发的微博...
",2016-11-2
万圣节;2016-11-01;2016-10-31;2016-11-02;50,155,万圣节,2016-11-01,"
		一上网满屏的万圣节妆容还有扮鬼吓人视频差点就忘了还有吹克袄吹特这种开熏的事了//@快递员吴彦祖:恐龙那个太萌了´_>` //@AMANDAAAAAB:哈哈哈哈小姑娘忍住眼泪都把我看哭了 腻们这些大人太坏惹！//@所长别开枪是我:哈哈哈哈哈哈哈哈哈哈哈哈
		",2016-11-2
万圣节;2016-11-01;2016-10-31;2016-11-02;50,156,万圣节,2016-11-01,"
	  一年一度的【我吃光了孩子的万圣节糖果】缺德家长视频大赛又来了！今年已是鸡毛秀连续第六年怂恿家长干这种丧心病狂的事了心疼孩子们，尤其是最后那个小妹妹 【熟肉视频】→ 秒拍视频 ​
	",2016-11-2
万圣节;2016-11-01;2016-10-31;2016-11-02;50,157,万圣节,2016-11-01,"
		小s扮丧尸！baby扮吸血鬼！这个万圣节谁cos得最认真？ 网页链接 ​
		",2016-11-2
万圣节;2016-11-01;2016-10-31;2016-11-02;50,158,万圣节,2016-11-01,"
		这个世界上最难的事莫过于在多变的世界里维持不变的关系。（PS:记得以前万圣节化的《鬼新娘》让朋友们说太吓人，这次来个《小可爱》朋友们可喜欢 ？）#此生挚爱乔任梁# ​
		",2016-11-2
万圣节;2016-11-01;2016-10-31;2016-11-02;50,159,万圣节,2016-11-01,"
#苍云#万圣节的苍云小恶魔。鄙人只能说一点威慑力都没有
",2016-11-2
万圣节;2016-11-01;2016-10-31;2016-11-02;50,160,万圣节,2016-11-01,"
	  就……万圣节那天画的图……然后因为一点事没能发……今天收到了徒弟弟寄来的万圣节的糖……嘿嘿嘿，那就当今天过了万圣节好了!画的吸血鬼啊小恶魔啊抱着南瓜灯的……#苍云##万圣节快乐#@雁门关大唐保卫部 @苍ALL推广办 ​
	",2016-11-2
万圣节;2016-11-01;2016-10-31;2016-11-02;50,161,万圣节,2016-11-01,"
		今年过万圣节，我这样打扮出去，好看吗 可惜没有合适衣服，要不然我就可以扮其中一个了 明年我扮成这三个的其中一个吧 |天津·南开... ​
		",2016-11-2
万圣节;2016-11-01;2016-10-31;2016-11-02;50,162,万圣节,2016-11-01,"
		【我吃光了你的万圣节糖果】系列，图一小妹妹懂事的让小编心酸 （张梅玲） ​
		",2016-11-2
万圣节;2016-11-01;2016-10-31;2016-11-02;50,163,万圣节,2016-11-01,"
#小菲菲成长日记# M24D10，万圣节，跟着哥哥去讨糖，开始还怕怕的，走在最后，慢慢大胆起来，叫的最大声，哥哥说不给糖，她说捣蛋！袋子装着满满的，不让别人碰。这两天吃的糖比一年都多！ ​
		",2016-11-2
万圣节;2016-11-01;2016-10-31;2016-11-02;50,164,万圣节,2016-11-01,"
#嗨皮万圣节# 惊魂万圣夜，一起来“鬼”混！xx大学微博协会发来贺电，预祝云南师范大学外语协会万圣节Party圆满成功！Happy Halloween！@云师大外语协会 假装是万圣节图片 ​
		",2016-11-2
万圣节;2016-11-01;2016-10-31;2016-11-02;50,165,万圣节,2016-11-01,"
		心中有鬼，天天都是万圣节！ |大连·甘井... ​
		",2016-11-2
万圣节;2016-11-01;2016-10-31;2016-11-02;50,166,万圣节,2016-11-01,"
		我没有看到这条？？？我错过了什么？？？？？万圣节吸血鬼装扮？？？？
		",2016-11-1
万圣节;2016-11-01;2016-10-31;2016-11-02;50,167,万圣节,2016-11-01,"
#KENZOxHM# 頭髮很亂的穿搭，不好意思了🙈 ​
	",2016-11-2
万圣节;2016-11-01;2016-10-31;2016-11-02;50,168,万圣节,2016-11-01,"
#万圣节有奖活动#期待好运呀，哇哈，支持！！！给力活动支持
		",2016-11-1
万圣节;2016-11-01;2016-10-31;2016-11-02;50,169,万圣节,2016-11-01,"
	  【#万圣节#有奖活动！】在这个大鬼小鬼倾巢而出的日子，辣辣也被吓破胆了！下面这组辣辣逃跑的图片，你能找出几个不同之处？转发回答随机抽取5人送出小辣椒万圣节大礼包！ 网页链接 ​
	",2016-11-2
万圣节;2016-11-01;2016-10-31;2016-11-02;50,170,万圣节,2016-11-01,"
		坐等寒假回家#万圣节##大学新生# ​
		",2016-11-2
万圣节;2016-11-01;2016-10-31;2016-11-02;50,171,万圣节,2016-11-01,"
		就。。。一个爆了心肝肾的。万圣节河图对没错万圣节因为种种原因过完两天才画完#髭膝# ​
		",2016-11-2
万圣节;2016-11-01;2016-10-31;2016-11-02;50,172,万圣节,2016-11-01,"
万圣节那天忘发了 然而今天的心情只能用蓝廋 香菇来表达 ​
		",2016-11-2
万圣节;2016-11-01;2016-10-31;2016-11-02;50,173,万圣节,2016-11-01,"
#嗨皮万圣节# 惊魂万圣夜，一起来“鬼”混！云南开放大学微博协会发来贺电，预祝云南师范大学外语协会万圣节Party圆满成功！Happy Halloween！@云师大外语协会 |昆明·云南... ​
		",2016-11-2
万圣节;2016-11-01;2016-10-31;2016-11-02;50,174,万圣节,2016-11-01,"
		Happy Halloween 虽然万圣节过去两天了，but。。。。。美女DJ变身行尸走肉的视频还是要看的。follow me！！ 秒拍视频 . ​
		",2016-11-2
万圣节;2016-11-01;2016-10-31;2016-11-02;50,175,万圣节,2016-11-01,"
		2016.10.31.今晚思佳姐和美蓉神经病 两个人互帮对方化万圣节的妆 结果 两人没过两分钟就卸了呵呵 特别是晚上洗澡之前 和美蓉因为chibichaoyang的事情吼起来 啊哈哈 然后开始地域性的攻击 结果思佳姐跟我是一个家乡的啊 当然让不了  她们俩开始火起来 然后牵扯到对方绯闻男友啊哈哈哈开始 嗯哼。。 ​
		",2016-11-2
万圣节;2016-11-01;2016-10-31;2016-11-02;50,176,万圣节,2016-11-01,"
		小孩被妈妈打扮成无脸男，参加幼儿园的万圣节派对 孩子全程懵逼脸：妈！ 为什么没小朋友跟我玩？http://t.cn/RVuszu2 ​
		",2016-11-2
万圣节;2016-11-01;2016-10-31;2016-11-02;50,177,万圣节,2016-11-01,"
		【【心心向蓉】绒绒球们万圣节快乐～】（分享自：爱奇艺泡泡圈）网页链接 网页链接 ​
		",2016-11-2
万圣节;2016-11-01;2016-10-31;2016-11-02;50,178,万圣节,2016-11-01,"
		哈登绯闻女变小红帽穿网袜秀豪乳（组图）——当地时间2016年10月30日，美国洛杉矶，哈登前绯闻女友迎万圣节，Cosplay小红帽穿网袜秀豪乳。 （分享自 @新浪体育） |哈登绯闻女... ​
		",2016-11-2
万圣节;2016-11-01;2016-10-31;2016-11-02;50,179,万圣节,2016-11-01,"
万圣节最吸引我的莫过于这个视频
		",2016-11-2
万圣节;2016-11-01;2016-10-31;2016-11-02;50,180,万圣节,2016-11-01,"
	  我把你的万圣节糖果全吃完啦 ！！ 哈哈。。今年万圣节的坑娃专辑.....  每年万圣节的必选节目好么！！！ 英国那些事... ​
	",2016-11-2
万圣节;2016-11-01;2016-10-31;2016-11-02;50,181,万圣节,2016-11-01,"
		就……万圣节那天画的图……然后因为一点事没能发……今天收到了徒弟弟寄来的万圣节的糖……嘿嘿嘿，那就当今天过了万圣节好了!画的吸血鬼啊小恶魔啊抱着南瓜灯的……#苍云##万圣节快乐#@雁门关大唐保卫部 @苍ALL推广办 ​
		",2016-11-2
万圣节;2016-11-01;2016-10-31;2016-11-02;50,182,万圣节,2016-11-01,"
		我把你的万圣节糖果全吃完啦 ！！ 哈哈。。今年万圣节的坑娃专辑.....  每年万圣节的必选节目好么！！！ 英国那些事... ​
		",2016-11-2
万圣节;2016-11-01;2016-10-31;2016-11-02;50,183,万圣节,2016-11-01,"
#夜猫子时间#一年一度的【我吃光了孩子的万圣节糖果】缺德家长视频大赛又来了！当孩子被告知他们的万圣节糖果全被吃掉以后……又是隔着屏幕都能感受到的秒拍视频 ​
		",2016-11-2
万圣节;2016-11-01;2016-10-31;2016-11-02;50,184,万圣节,2016-11-01,"
		17死42伤 芝加哥万圣节刷新“最血腥周末”纪录-观察者网 |17死42伤！... ​
		",2016-11-2
万圣节;2016-11-01;2016-10-31;2016-11-02;50,185,万圣节,2016-11-01,"
		发表了博文《美国各地惊现恐怖小丑｜万圣节你还敢扮小丑么》如今只要在北美只要你吼一声“Creepyclown”，绝对会引起一阵骚动。起因是源于美国，不知道出于什么心理，突然出现了一批穿着可怕的小丑面具的|美国各地惊... ​
		",2016-11-2
万圣节;2016-11-01;2016-10-31;2016-11-02;50,186,万圣节,2016-11-01,"
		补发万圣节 ​
		",2016-11-2
万圣节;2016-11-01;2016-10-31;2016-11-02;50,187,万圣节,2016-11-01,"
		Arashi家的动物公司万圣节party做得真漂亮，又是一个手工大拿。如果有机会和她一起做东西该多好玩。小朋友们扮怪兽，嗷嗷叫了一晚上。 ​
		",2016-11-2
万圣节;2016-11-01;2016-10-31;2016-11-02;50,188,万圣节,2016-11-01,"
		今年的万圣节，我竟然顶着妆容坐火车从一个城市到另外一个城市，路上百分之百的回头率。 ​
		",2016-11-2
万圣节;2016-11-01;2016-10-31;2016-11-02;50,189,万圣节,2016-11-01,"
		我的天，我丑万圣节过的很开心吧，要到多少糖果
",2016-11-2
万圣节;2016-11-01;2016-10-31;2016-11-02;50,190,万圣节,2016-11-01,"
	  为了赔偿大家今天没看到我的美貌！抽10个100rmb直接转账！！可以吧兄弟们！ ​
	",2016-11-2
万圣节;2016-11-01;2016-10-31;2016-11-02;50,191,万圣节,2016-11-01,"
#柱扉#万圣节快乐……啊，终于安全回到学校了……这是……真是幸运啊……呜呜呜……祸兮福所倚，终于结束了吹海风的写生生活…… ​
		",2016-11-2
万圣节;2016-11-01;2016-10-31;2016-11-02;50,192,万圣节,2016-11-01,"
#活动花絮# Blue Tree x @凤凰房产 万圣节狂欢趴#你捣乱，我给糖# 主题活动在Blue Tree Cafe&Bar 淮海旗舰店圆满结束。即使在略冷的秋夜，也聚集了70余人参与此次活动，让淮海公园充满欢乐。更多活动，敬请期待。 ​
		",2016-11-2
万圣节;2016-11-01;2016-10-31;2016-11-02;50,193,万圣节,2016-11-01,"
#夏乐# ※一个关于万圣节的小短文 ※现代AU ※开车 ​
		",2016-11-2
万圣节;2016-11-01;2016-10-31;2016-11-02;50,194,万圣节,2016-11-01,"
		""美国土豪Dan Bilzerian 携一群火辣妹子扫射万圣节南瓜 ""污辣辣污啦...（使用#秒拍#录制） ​
		",2016-11-2
万圣节;2016-11-01;2016-10-31;2016-11-02;50,195,万圣节,2016-11-01,"
		又一个万圣节，两个这么开心的小姑娘，怎么陪都值得的！ |上海·古美... ​
		",2016-11-2
万圣节;2016-11-01;2016-10-31;2016-11-02;50,196,万圣节,2016-11-01,"
		好恐怖的料理//分享东方头条新闻:【四川一高校迎万圣节 食堂推出恐怖""大餐""】|四川一高校... ​
		",2016-11-2
万圣节;2016-11-01;2016-10-31;2016-11-02;50,197,万圣节,2016-11-01,"
		前几天万圣节party的照片，p1鹤立鸡群的霸王龙，p2一个很给力的寂静岭小护士，p3喵妹同学和一脸反派相的我 ​
		",2016-11-2
万圣节;2016-11-01;2016-10-31;2016-11-02;50,198,万圣节,2016-11-01,"
		【闹鬼旅馆】在游戏中，玩家的目的就是安排鬼魂、怪物等恐怖分子恐吓住在旅馆中的客人，让所有的“上帝”被吓得惊声尖叫、抱头鼠窜，简直不能更恶趣味。为了配合主题气氛，游戏特地采用了幽灵般黑色的画面，配上恐怖的背景音乐，万圣节气氛被制造的十分浓烈。 ​
		",2016-11-2
万圣节;2016-11-01;2016-10-31;2016-11-02;50,199,万圣节,2016-11-01,"
		10.30万圣节展子返图！跟小伙伴们度过了很开心的一天~还有长春LL应援团一周年快乐！最喜欢你们了！@Marlubee @綾歌-努力get技能中 ​
		",2016-11-2
万圣节;2016-11-01;2016-10-31;2016-11-02;50,200,万圣节,2016-11-01,"
		【视频】只有她一个小宝宝认真的过万圣节 点赞！！ 网页链接 (分享自 @内涵段子) ​
		",2016-11-2
万圣节;2016-11-01;2016-10-31;2016-11-02;50,201,万圣节,2016-11-01,"
#鹿晗#学校活动，免费洗照片，排队的人好多好多，刚好，我看上了这种照片的规格，哈哈，遇到了好多喜欢我们鹿哥的妹子（之所以不说鹿饭是因为他们竟然不知道万圣节鹿哥的自拍，估计也就是一般喜欢）原谅我词穷，照片下面说啥都不知道了#某时某刻听鹿晗##某时某刻 Catch me when I fall#@M鹿M 哥 ​
			...展开全文c
",2016-11-2
万圣节;2016-11-01;2016-10-31;2016-11-02;50,202,万圣节,2016-11-01,"
#万圣节# 小T玩了一个 #测测你是什么鬼# 的活动，没想到上线就收到了 @钓一个星星 很有爱的手绘，真心感谢你能喜欢我们的产品！你们的支持都是我们前进的动力，谢谢你们！ ​
		",2016-11-2
万圣节;2016-11-01;2016-10-31;2016-11-02;50,203,万圣节,2016-11-01,"
		作为一个马克思注意无神论者，我一直以来追随科学，反对歪理，不过有件事却例外，心电感应这种事情是怎么回事呢？今天突然想起两个好久不见的同学，一个刚回家和我通了电话，另一个给我发了万圣节的风景，是不是你想一个人久了，也就会进了他的梦？ ​
		",2016-11-2
万圣节;2016-11-01;2016-10-31;2016-11-02;50,204,万圣节,2016-11-01,"
		【#向井地美音# 手机博 161031-22:22】啊~ 还有一会万圣节就结束了、然后10月也一起结束了。 今天的万圣节装扮是这样的！ 
			...展开全文c
",2016-11-2
万圣节;2016-11-01;2016-10-31;2016-11-02;50,205,万圣节,2016-11-01,"
#盾冬#遲到二天的萬聖節賀圖（每次都過了節才想到要畫的廢人）「不給糖就咬你」「別鬧!!你一個快一百歲的人了跟小朋友搶什麼糖啦!!」「當然是搶大人的♂糖了～」「……那我給不給都會被咬吧？」「( ͡° ͜ʖ ͡°)～嗯♡」
			...展开全文c
",2016-11-2
万圣节;2016-11-01;2016-10-31;2016-11-02;50,206,万圣节,2016-11-01,"
#马天宇凉生我们可不可以不忧伤# 超想看你演吸血鬼啊！！万圣节快乐！@馬天宇
",2016-10-31
万圣节;2016-11-01;2016-10-31;2016-11-02;50,207,万圣节,2016-11-01,"
	  凑个热闹～ ​
	",2016-11-2
万圣节;2016-11-01;2016-10-31;2016-11-02;50,208,万圣节,2016-11-01,"
		翻看自己的朋友圈，自从做了闺蜜之后 每天临睡前，都会给大家道声晚安 但是大家有没有发现，万圣节那天没有给大家晚安语哦，那是因为我怕发图吓着你们 好啦，晚安盆友们，该睡了 |义乌市 ​
		",2016-11-2
万圣节;2016-11-01;2016-10-31;2016-11-02;50,209,万圣节,2016-11-01,"
		小区妈妈组织的万圣节寻宝活动。弯弯只找了四个宝贝就不找了。他说，已经够多了。 ​
		",2016-11-2
万圣节;2016-11-01;2016-10-31;2016-11-02;50,210,万圣节,2016-11-01,"
		敲浪漫！而且万圣节刚刚中了一个VR！//@不可以次兔咂儿:我想把每种生活都体验一遍 很浪漫了 //@fafafa118:科普→这次是与全国技术顶尖的VR团队合作，特别选取两个王源相关场景进行3D建模，北上广三城设置线下体验点。戴上VR眼镜，王源就面对面出现在你眼前啦。
		",2016-11-2
万圣节;2016-11-01;2016-10-31;2016-11-02;50,211,万圣节,2016-11-01,"
	  「王源骑士站生日特别应援 chapter 1 」聚光@TFBOYS-王源 曾经的闪耀时刻，用VR技术，还原一首歌，一段光影，一些快乐时分。线下超一线城市同步体验，让回忆近在眼前。 是迢迢千里，是触手可及。遥与少年人，相逢梦中路。|因为遇见你 ​
	",2016-11-2
万圣节;2016-11-01;2016-10-31;2016-11-02;50,212,万圣节,2016-11-01,"
#hi十一月#万圣节刚完全城立马换装迎接holiday season~~都已经十一月了，最爱的十二月还会远吗？！ ​
		",2016-11-2
万圣节;2016-11-01;2016-10-31;2016-11-02;50,213,万圣节,2016-11-01,"
万圣节复刻几百个南瓜忘记换了………… ​
		",2016-11-2
万圣节;2016-11-01;2016-10-31;2016-11-02;50,214,万圣节,2016-11-01,"
#万圣节之夜#月黑风高夜，我们迷失了自己，走在森林神庙里，疑幻似真的世界分不清方向，前面闪烁的究竟是鬼火还是灯光？是人恐怖？还是鬼缠绵？冒险的乐园已经开始，百鬼夜行，魅影寻踪............ 难忘的万圣节，和朋友一起在长隆乐园度过@Meimei432123 @上帝说过他和她丶 @莫纳瑞丶o
",2016-10-28
万圣节;2016-11-01;2016-10-31;2016-11-02;50,215,万圣节,2016-11-01,"
	  该微博因被多人举报，根据《微博社区管理规定》，已被删除。查看帮助：|转发的微博...
",2016-11-2
万圣节;2016-11-01;2016-10-31;2016-11-02;50,216,万圣节,2016-11-01,"
		惊叫万圣节！第一次举办面向全校的活动就如此成功～,谢谢领导和小伙伴们！一起high一起努力！ ​
		",2016-11-2
万圣节;2016-11-01;2016-10-31;2016-11-02;50,217,万圣节,2016-11-01,"
#GOT7# @GOT7Official 在团体综艺《GOT7的Hard Carry》带来迷你二辑主打曲《A》与正规一辑主打曲《Stop Stop It》（万圣节版）自拍版MV！【鸟宝宝们的小火基每天都在挑战可爱的极限！蹭墙蹭地板蹭得干干净净！在田园里玩变装秀好开心！回归自然（释放天性）的感觉很舒服！】  
",2016-11-2
万圣节;2016-11-01;2016-10-31;2016-11-02;50,218,万圣节,2016-11-01,"
	  【音悦·视频】每周在团综《#GOT7#的Hard Carry》中都可以看到成员们手持拍摄出解放内心寻找真我的Hard Carry Song！从《A》网页链接 到万圣节版《Stop Stop It》Stop Stop ... 这么可爱的小搞基看多少遍都不会腻的！想小七了~ ​
	",2016-11-2
万圣节;2016-11-01;2016-10-31;2016-11-02;50,219,万圣节,2016-11-01,"
		coc的第三个万圣节，终于长南瓜了！期待今年的圣诞树@部落冲突Clash-of-Clans |南京·秦淮... ​
		",2016-11-2
万圣节;2016-11-01;2016-10-31;2016-11-02;50,220,万圣节,2016-11-01,"
		记录成长。禹儿在幼儿园度过的第一个万圣节！ 秒拍视频 . ​
		",2016-11-2
万圣节;2016-11-01;2016-10-31;2016-11-02;50,221,万圣节,2016-11-01,"
		学校去组织的万圣节活动 ​
		",2016-11-2
万圣节;2016-11-01;2016-10-31;2016-11-02;50,222,万圣节,2016-11-01,"
		NBA万圣节，个个打扮得花枝招展 秒拍视频 . ​
		",2016-11-2
万圣节;2016-11-01;2016-10-31;2016-11-02;50,223,万圣节,2016-11-01,"
万圣节落幕，是时候来迎接真正的Devil了 令大家闻风丧胆谈其色变的Essay和随之到来的Deadlines! 呐,其实呢,写Essay,最重要是开（熟）心（能）就（生）好（巧）- 今天CU君送上9大法宝助你一臂之力！猛戳网页链接 看看哪项你已经炉火纯青？有没有过来人来给新生朋友来分享分享？ ​
			...展开全文c
",2016-11-2
万圣节;2016-11-01;2016-10-31;2016-11-02;50,224,万圣节,2016-11-01,"
		感谢万圣节这晚有MOC小伙伴们的陪伴大家玩得开心吗(=´∀｀)人(´∀｀=)
		",2016-10-30
万圣节;2016-11-01;2016-10-31;2016-11-02;50,225,万圣节,2016-11-01,"
#万圣节#很喜欢你们呀 @MOC漫画社 不靠谱的我不知不觉在你们的关怀下，已经变成了""师姐""。今年一想到是和你们最后一年过万圣节的活动了，不敢细想，很舍不得 希望有一天我也能成为别人心中靠谱能够依靠的""前辈""。今年也和大家玩的十分愉快，是个不错的回忆呢！ ​
	",2016-11-2
万圣节;2016-11-01;2016-10-31;2016-11-02;50,226,万圣节,2016-11-01,"
		哈哈哈哈，每年一度的万圣节恶作剧【中字】假装吃光孩子万圣节糖果2016版 @阿尔法小分队 阿尔法小分队字幕组 #哔哩哔哩动画# 【中字】假... ​
		",2016-11-2
万圣节;2016-11-01;2016-10-31;2016-11-02;50,227,万圣节,2016-11-01,"
		【「欅坂46」造型激似納粹軍裝　全球網友譙翻急道歉】日本偶像女團「欅坂46」是「乃木坂46」旗下的姐妹團，總共32名成員，平均年齡約18歲。該團日前參加橫濱萬聖節的活動，全員激似納粹軍裝，因此遭到全球網友指責，美國猶太人權團體更要求道歉...#ETtoday新聞雲#報導：网页链接 (mandy) ​
		",2016-11-2
万圣节;2016-11-01;2016-10-31;2016-11-02;50,228,万圣节,2016-11-01,"
		30M29D 周一万圣节活动啦！可惜宝贝又感冒了 早上还是不想去幼儿园，尤其鼻涕啊，喉咙啊，各种不舒服，好难受啊，妈妈哄哄穿好小红帽装着满满南瓜袋去发糖啦！前两张妈妈拍的，发现披风把裙裙都挡住了还特地给老师发了信息把披风脱掉 后面老师发给妈妈的，愿宝贝玩儿得开心 ​
		",2016-11-2
万圣节;2016-11-01;2016-10-31;2016-11-02;50,229,万圣节,2016-11-01,"
万圣节过得糊里糊涂的，真的不知道是哪一天 ​
		",2016-11-2
万圣节;2016-11-01;2016-10-31;2016-11-02;50,230,万圣节,2016-11-01,"
		把万圣节过成情人节也你们干的出来了//@orange_loveharuna:转发微博
		",2016-11-2
万圣节;2016-11-01;2016-10-31;2016-11-02;50,231,万圣节,2016-11-01,"
#小嶋陽菜推特翻译#いまさらハロウィンの動画ウォーキングデッド見すぎなのかゾンビが上手な優子😇现在才发出来万圣节的视频因为《行尸走肉》看太多了吗，扮演丧尸很拿手的優子😇#小嶋陽菜##大島優子#视频分享链接: 网页链接 密码: m2fx 秒拍视频 . ​
	",2016-11-2
万圣节;2016-11-01;2016-10-31;2016-11-02;50,232,万圣节,2016-11-01,"
#壕送万圣节“重量级法宝”Tristellar三角机箱！#我是一个知足常乐的人，我期待着生活中的小惊喜
",2016-10-26
万圣节;2016-11-01;2016-10-31;2016-11-02;50,233,万圣节,2016-11-01,"
#壕送万圣节“重量级法宝”Tristellar三角机箱！# 快掐一下自己，这次让你做梦流口水的Tristellar三角机箱侧透版也来啦！转发此微博并guanzhu@九州风神DEEPCOOL即可赢取炫酷太空飞船造型的Tristellar三角机箱侧透版，做万圣节之王！你还等什么？！ 网页链接 ​
	",2016-11-2
万圣节;2016-11-01;2016-10-31;2016-11-02;50,234,万圣节,2016-11-01,"
		30M28D 星期天，上午和爸爸妈妈弟弟去吃羊肉面，宝贝比妈妈吃得还多 走到超市给宝贝买万圣节的糖果，土豪爸爸拿了好多 睡好午觉去了鲁迅公园，爸爸拉着手手自己走，心心念念要坐船，当然满足了宝贝的心愿。还玩儿了个刺激的小龙，刚好天黑回家饭饭。周末快乐宝贝 ​
		",2016-11-2
万圣节;2016-11-01;2016-10-31;2016-11-02;50,235,万圣节,2016-11-01,"
		国外一年一度的坑娃大赛又来了……“我把你的万圣节糖果吃掉啦！！”看完这个，小恶魔想说，外国人少真的是有原因的。娃能长大真不容易……。晚安，关注我的熟悉的陌生人们！ 解密人性的... ​
		",2016-11-2
万圣节;2016-11-01;2016-10-31;2016-11-02;50,236,万圣节,2016-11-01,"
		人生第一个万圣节 重症监护的早产儿变身超级英雄 |人生第一个... ​
		",2016-11-2
万圣节;2016-11-01;2016-10-31;2016-11-02;50,237,万圣节,2016-11-01,"
		补几张万圣节那天去池袋吃麻辣烫时遇到的敬业员工 真的不是打广告 ​
		",2016-11-2
万圣节;2016-11-01;2016-10-31;2016-11-02;50,238,万圣节,2016-11-01,"
		卧槽，中国人过万圣节也是烧纸？厉害了 |长春·浦东... ​
		",2016-11-2
万圣节;2016-11-01;2016-10-31;2016-11-02;50,239,万圣节,2016-11-01,"
万圣节在玩游戏，熊孩子敲门都没听到
",2016-11-2
万圣节;2016-11-01;2016-10-31;2016-11-02;50,240,万圣节,2016-11-01,"
	  我把你的万圣节糖果全吃完啦 ！！ 哈哈。。今年万圣节的坑娃专辑.....  每年万圣节的必选节目好么！！！ 英国那些事... ​
	",2016-11-2
万圣节;2016-11-01;2016-10-31;2016-11-02;50,241,万圣节,2016-11-01,"
万圣节 ​
		",2016-11-2
万圣节;2016-11-01;2016-10-31;2016-11-02;50,242,万圣节,2016-11-01,"
		我已中毒有点方，快来luluda的直播间救我，房间名“❤炊事班❤~万圣节~不给鱼丸就捣蛋❤”！房间号：412966 网页链接 来自#斗鱼直播平台#全球领先的综合直播平台！ ​
		",2016-11-2
万圣节;2016-11-01;2016-10-31;2016-11-02;50,243,万圣节,2016-11-01,"
万圣节错峰凑个热闹～ |上海·松江... ​
		",2016-11-2
万圣节;2016-11-01;2016-10-31;2016-11-02;50,244,万圣节,2016-11-01,"
#壕送万圣节“重量级法宝”Tristellar三角机箱！#我是一个知足常乐的人，我期待着生活中的小惊喜
		",2016-10-26
万圣节;2016-11-01;2016-10-31;2016-11-02;50,245,万圣节,2016-11-01,"
#壕送万圣节“重量级法宝”Tristellar三角机箱！# 快掐一下自己，这次让你做梦流口水的Tristellar三角机箱侧透版也来啦！转发此微博并guanzhu@九州风神DEEPCOOL即可赢取炫酷太空飞船造型的Tristellar三角机箱侧透版，做万圣节之王！你还等什么？！ 网页链接 ​
	",2016-11-2
万圣节;2016-11-01;2016-10-31;2016-11-02;50,246,万圣节,2016-11-01,"
万圣节应该这么玩吗@西南医大16级临床第26团支部 @西南医大2016级第二团总支 @共青团西南医科大学委员会微博 #遇见西南医大的时光# 26团支部青年网络文明志愿者推送
		",2016-11-2
万圣节;2016-11-01;2016-10-31;2016-11-02;50,247,万圣节,2016-11-01,"
	  我把你的万圣节糖果全吃完啦 ！！ 哈哈。。今年万圣节的坑娃专辑.....  每年万圣节的必选节目好么！！！ 英国那些事... ​
	",2016-11-2
万圣节;2016-11-01;2016-10-31;2016-11-02;50,248,万圣节,2016-11-01,"
#壕送万圣节“重量级法宝”Tristellar三角机箱！#感谢小编不断将惊喜带给所有喜欢你的粉丝，祝小编开心每一天！希望微博活动人气直升越来越火。
		",2016-10-26
万圣节;2016-11-01;2016-10-31;2016-11-02;50,249,万圣节,2016-11-01,"
#壕送万圣节“重量级法宝”Tristellar三角机箱！# 快掐一下自己，这次让你做梦流口水的Tristellar三角机箱侧透版也来啦！转发此微博并guanzhu@九州风神DEEPCOOL即可赢取炫酷太空飞船造型的Tristellar三角机箱侧透版，做万圣节之王！你还等什么？！ 网页链接 ​
	",2016-11-2
万圣节;2016-11-01;2016-10-31;2016-11-02;50,250,万圣节,2016-11-01,"
		去年万圣节的冰淇淋 今年竟然也涨价了 一年的时间转瞬即逝 冰淇淋还是去年的味道 但吃的心情却完全不同 PS：五十元一个的冰淇淋我居然没吃了 扔掉了！ |深圳·海雅... ​
		",2016-11-2
万圣节;2016-11-01;2016-10-31;2016-11-02;50,251,万圣节,2016-11-01,"
		非常迟的万圣，昨晚居然忘发了orz，万圣节和狛日度过真是太美好了今天也爱着你们 小吉还是要再多琢磨一下啊，指绘博大精深 ​
		",2016-11-2
万圣节;2016-11-01;2016-10-31;2016-11-02;50,252,万圣节,2016-11-01,"
万圣节，大人比孩子还要嗨 ​
		",2016-11-2
万圣节;2016-11-01;2016-10-31;2016-11-02;50,253,万圣节,2016-11-01,"
		可爱又好玩的万圣节
",2016-11-2
万圣节;2016-11-01;2016-10-31;2016-11-02;50,254,万圣节,2016-11-01,"
	  年度最佳萌娃和萌宠万圣节服装，萌翻天啦！！YouTube精... ​
	",2016-11-2
万圣节;2016-11-01;2016-10-31;2016-11-02;50,255,万圣节,2016-11-01,"
		不一样的万圣节 ​
		",2016-11-2
万圣节;2016-11-01;2016-10-31;2016-11-02;50,256,万圣节,2016-11-01,"
万圣节就这样度过了，很开心 ​
		",2016-11-2
万圣节;2016-11-01;2016-10-31;2016-11-02;50,257,万圣节,2016-11-01,"
万圣节二 ​
		",2016-11-2
万圣节;2016-11-01;2016-10-31;2016-11-02;50,258,万圣节,2016-11-01,"
		补发万圣节照片 |深圳·宝安... ​
		",2016-11-2
万圣节;2016-11-01;2016-10-31;2016-11-02;50,259,万圣节,2016-11-01,"
万圣节 ​
		",2016-11-2
万圣节;2016-11-01;2016-10-31;2016-11-02;50,260,万圣节,2016-11-01,"
		【万圣节花絮】宝贝老师的装扮。 ​
		",2016-11-2
万圣节;2016-11-01;2016-10-31;2016-11-02;50,261,万圣节,2016-11-01,"
		【万圣节花絮】宝贝老师的装扮。 ​
		",2016-11-2
万圣节;2016-11-01;2016-10-31;2016-11-02;50,262,万圣节,2016-11-01,"
#万圣节# 妖魔鬼怪 |北京·雍和... 秒拍视频 . ​
		",2016-11-2
万圣节;2016-11-01;2016-10-31;2016-11-02;50,263,万圣节,2016-11-01,"
		老公战友带女友来南昌玩，而我的眼睛红的像鬼……是的，我在用生命庆祝万圣节 ​
		",2016-11-2
万圣节;2016-11-01;2016-10-31;2016-11-02;50,264,万圣节,2016-11-01,"
#壕送万圣节“重量级法宝”Tristellar三角机箱！#小编的有奖互动带给我们一份惬意，一份温暖。希望有奖活动让我们在寒冷的冬天有好心情喔，祝所有的童鞋多多参与，祝福小编工作顺利,希望有好运能降临到我身上 
		",2016-10-26
万圣节;2016-11-01;2016-10-31;2016-11-02;50,265,万圣节,2016-11-01,"
#壕送万圣节“重量级法宝”Tristellar三角机箱！# 快掐一下自己，这次让你做梦流口水的Tristellar三角机箱侧透版也来啦！转发此微博并guanzhu@九州风神DEEPCOOL即可赢取炫酷太空飞船造型的Tristellar三角机箱侧透版，做万圣节之王！你还等什么？！ 网页链接 ​
	",2016-11-2
万圣节;2016-11-01;2016-10-31;2016-11-02;50,266,万圣节,2016-11-01,"
#传媒眼娱乐场#万圣节一名灵魂cos无脸男火遍网络，原来 是个可爱的小萝莉！真是酷到没朋友，别的小朋友都不敢和她玩。还吓哭了好几个小伙伴，她特意还让她妈妈站远一点拍她，说无脸男就是要孤独的一个人~可爱死了 ​
		",2016-11-2
万圣节;2016-11-01;2016-10-31;2016-11-02;50,267,万圣节,2016-11-01,"
		【万圣节花絮】宝贝老师的装扮。 ​
		",2016-11-2
万圣节;2016-11-01;2016-10-31;2016-11-02;50,268,万圣节,2016-11-01,"
		今日更新《闪电侠》第三季第五集“Monster”，记得收看！万圣节刚过，虽然我们没有看到GG今年的装扮，他却在ins上更新一张朋友的扮相：对方打扮成他在Glee的角色Sebastian Smythe，GG友情出演Blaine，配合地被泼了一脸雪泥... ​
		",2016-11-2
万圣节;2016-11-01;2016-10-31;2016-11-02;50,269,万圣节,2016-11-01,"
		画完才发现万圣节已经过去了，我和你说这不是草稿...这就是画完了！！....突然觉得很悲伤是怎么回事QVQ ​
		",2016-11-2
万圣节;2016-11-01;2016-10-31;2016-11-02;50,270,万圣节,2016-11-01,"
		暖气超级暖好开心，图上是万圣节的小酸奶 ​
		",2016-11-2
万圣节;2016-11-01;2016-10-31;2016-11-02;50,271,万圣节,2016-11-01,"
		【火遍网络的cos无脸男】万圣节，一名灵魂cos无脸男的小萝莉火遍网络，原来无脸男小朋友长这样，生活中是个可爱的小姑娘呢！宝贝，下次可以告诉麻麻，不用这么认真哦。|火遍网络的... ​
		",2016-11-2
万圣节;2016-11-01;2016-10-31;2016-11-02;50,272,万圣节,2016-11-01,"
		日常 7 times 我没说的秘密你是否都明白，我知道万圣节过了，所以我来发日常。 ​
		",2016-11-2
万圣节;2016-11-01;2016-10-31;2016-11-02;50,273,万圣节,2016-11-01,"
#德阳爆料王##德陽傳統文化工作生活##德阳爆料王#『英国万圣节夜晚：女生衣衫不整倒地很常见_微博头条』|英国万圣节... ​
		",2016-11-2
万圣节;2016-11-01;2016-10-31;2016-11-02;50,274,万圣节,2016-11-01,"
#壕送万圣节“重量级法宝”Tristellar三角机箱！#好活动大力宣传！感谢小编不断将惊喜带给所有喜欢你的粉丝，祝小编开心每一天！希望微博活动人气直升越来越火。
		",2016-10-26
万圣节;2016-11-01;2016-10-31;2016-11-02;50,275,万圣节,2016-11-01,"
#壕送万圣节“重量级法宝”Tristellar三角机箱！# 快掐一下自己，这次让你做梦流口水的Tristellar三角机箱侧透版也来啦！转发此微博并guanzhu@九州风神DEEPCOOL即可赢取炫酷太空飞船造型的Tristellar三角机箱侧透版，做万圣节之王！你还等什么？！ 网页链接 ​
	",2016-11-2
万圣节;2016-11-01;2016-10-31;2016-11-02;50,276,万圣节,2016-11-01,"
		送走了万圣节三天狂欢夜，期待下一个双11会更嗨！ ​
		",2016-11-2
万圣节;2016-11-01;2016-10-31;2016-11-02;50,277,万圣节,2016-11-01,"
		只有这一个小宝宝在认真的过万圣节 秒拍视频 . ​
		",2016-11-2
万圣节;2016-11-01;2016-10-31;2016-11-02;50,278,万圣节,2016-11-01,"
		哈哈哈哈哈哈哈万圣节那天在建大地铁也有2333还突然起舞
		",2016-11-2
万圣节;2016-11-01;2016-10-31;2016-11-02;50,279,万圣节,2016-11-01,"
#北京事儿#【】@--LUbelieber：我就想知道，大哥，你是怎么过的安检。。。 ​
	",2016-11-2
万圣节;2016-11-01;2016-10-31;2016-11-02;50,280,万圣节,2016-11-01,"
		原来我家鹿哥在万圣节晚上发了这么一张萌照，哎呦~真是吓到我了 ​
		",2016-11-2
万圣节;2016-11-01;2016-10-31;2016-11-02;50,281,万圣节,2016-11-01,"
#万圣节来西麦捣蛋有惊喜#用一颗平常心来对待每一个活动，以一份真诚来打动小编的内心。或许我不是最幸运的那个粉丝，但我一定是最用心的哦！在此祝福小编工作顺利，我会一直支持你们的活动的~！
		",2016-10-27
万圣节;2016-11-01;2016-10-31;2016-11-02;50,282,万圣节,2016-11-01,"
#万圣节来西麦捣蛋有惊喜#万圣夜，披着你的床单，戴上你的面具，提着南瓜灯，叩响西麦大门，嚷嚷着“不给糖就捣蛋！”，来西麦捣蛋没糖果，然鹅，只要转发就有机会获得【西麦黑芝麻核桃粉】哦，富含蛋白质维生素，赶走大鬼小鬼，身体倍儿棒。 网页链接 ​
	",2016-11-2
万圣节;2016-11-01;2016-10-31;2016-11-02;50,283,万圣节,2016-11-01,"
万圣节上，我的小怪物们！可爱至极！ ps. 为了集满6张图，献上我一百多个学生中最帅的一个boy 呆萌呆萌的实在是帅极了 只是 唯一的遗憾就是 他的行为和他的脸一点都不搭！！ ​
		",2016-11-2
万圣节;2016-11-01;2016-10-31;2016-11-02;50,284,万圣节,2016-11-01,"
万圣节没有糖没关系 我来给你一个比糖更甜的拥抱 ​
		",2016-11-2
万圣节;2016-11-01;2016-10-31;2016-11-02;50,285,万圣节,2016-11-01,"
#晚安AFLU# Halloween is an opportunity to be really creative. 万圣节前夜是挥洒创意的好时机。 —— Judy Gold |合肥·安徽... ​
		",2016-11-2
万圣节;2016-11-01;2016-10-31;2016-11-02;50,286,万圣节,2016-11-01,"
		“今年万圣节的坑娃专辑”分享自秒拍用户 @全球热门搜罗S 的作品,一起来看~全球热门搜...（使用#秒拍#录制） ​
		",2016-11-2
万圣节;2016-11-01;2016-10-31;2016-11-02;50,287,万圣节,2016-11-01,"
#百鬼夜行#万圣节不要南瓜头@战斗吧蘑菇君 ​
		",2016-11-2
万圣节;2016-11-01;2016-10-31;2016-11-02;50,288,万圣节,2016-11-01,"
		洋的第一年过万圣节 恐龙造型太大 留着明年吧～化身蜘蛛侠 好玩～ ​
		",2016-11-2
万圣节;2016-11-01;2016-10-31;2016-11-02;50,289,万圣节,2016-11-01,"
万圣节那天晚上b区口拥抱男，where  are  you ？？？？？？ |郑州·河南... ​
		",2016-11-2
万圣节;2016-11-01;2016-10-31;2016-11-02;50,290,万圣节,2016-11-01,"
		161102幼儿园过万圣节。 ​
		",2016-11-2
万圣节;2016-11-01;2016-10-31;2016-11-02;50,291,万圣节,2016-11-01,"
#嗅美万圣节狂欢盛宴#期待好运呀，哇哈，支持！！！给力活动支持
		",2016-10-29
万圣节;2016-11-01;2016-10-31;2016-11-02;50,292,万圣节,2016-11-01,"
#嗅美万圣节狂欢盛宴#转发关注此微博参与万圣节活动，即有机会跟小美一起在三里屯Live in club 嗨翻整个万圣节之夜哦~ 更有各种其他精彩礼物等待着大家[抱抱_旧] 网页链接 ​
	",2016-11-2
万圣节;2016-11-01;2016-10-31;2016-11-02;50,293,万圣节,2016-11-01,"
		幼儿园的万圣节活动 儿子玩高兴了 放学都不愿意走了 ​
		",2016-11-2
万圣节;2016-11-01;2016-10-31;2016-11-02;50,294,万圣节,2016-11-01,"
万圣节礼物 ​
		",2016-11-2
万圣节;2016-11-01;2016-10-31;2016-11-02;50,295,万圣节,2016-11-01,"
		日本京都万圣节 |上海·上海... ​
		",2016-11-2
万圣节;2016-11-01;2016-10-31;2016-11-02;50,296,万圣节,2016-11-01,"
#给你一颗彩虹糖#视频来喽～扮成无脸男参加幼儿园万圣节派对的小萌娃，简直酷到没朋友，还站着一动不动的，领悟到了无脸男的精髓啊 秒拍视频 ​
		",2016-11-2
万圣节;2016-11-01;2016-10-31;2016-11-02;50,297,万圣节,2016-11-01,"
		每年万圣节cosplay都能承包我一天的笑点，最后那张简直实力cos ​
		",2016-11-2
万圣节;2016-11-01;2016-10-31;2016-11-02;50,298,万圣节,2016-11-01,"
		晚上自己做南瓜，迟到的万圣节QAQ，因为看了五歌歌的视频才做的@少年五之歌 ​
		",2016-11-2
万圣节;2016-11-01;2016-10-31;2016-11-02;50,299,万圣节,2016-11-01,"
		这比上别人家要糖有意思多了昨天日本有个万圣节cosplay活动，不少姑娘都去参加了 |昨天日本有... ​
		",2016-11-2
万圣节;2016-11-01;2016-10-31;2016-11-02;50,300,万圣节,2016-11-01,"
		蓝瘦香菇今年万圣节就用一段万圣节舞蹈室版本过了好想念去年的万圣节直播我的南瓜君 真的红了就越来越少资源了蓝瘦香菇 ​
		",2016-11-2
万圣节;2016-11-01;2016-10-31;2016-11-02;50,301,万圣节,2016-11-01,"
#Halloween#  迟到了的万圣节party ​
		",2016-11-2
万圣节;2016-11-01;2016-10-31;2016-11-02;50,302,万圣节,2016-11-01,"
		发表了博文《2016年万圣节》|2016年万圣... ​
		",2016-11-2
万圣节;2016-11-01;2016-10-31;2016-11-02;50,303,万圣节,2016-11-01,"
		话说纯光学拍照会拍到不干净东西，万圣节过了，千万别给我说后面多了一个人，我一个人在荒郊野岭 |成都·三圣... ​
		",2016-11-2
万圣节;2016-11-01;2016-10-31;2016-11-02;50,304,万圣节,2016-11-01,"
		迟到的黑白万圣节卡片q  v  q #鬼使黑白# @鬼使黑白安利大队 暗搓搓卖个萌不要嫌弃………… 期中考die了q  q 要好好学习了… |靖江市 ​
		",2016-11-2
万圣节;2016-11-01;2016-10-31;2016-11-02;50,305,万圣节,2016-11-01,"
		2016年版“我把你的万圣节糖果吃完了”熟肉来了 ［#DC字幕组#出品］ Luv_DC的秒... ​
		",2016-11-2
万圣节;2016-11-01;2016-10-31;2016-11-02;50,306,万圣节,2016-11-01,"
		前天晚上万圣节之夜，跑到Georgetown去看热闹，满大街都是妖魔鬼怪。早知道我弄一套慈禧太后的行头，绝对抢镜 |美国·georg... ​
		",2016-11-2
万圣节;2016-11-01;2016-10-31;2016-11-02;50,307,万圣节,2016-11-01,"
万圣节晚上拍的现在才P完 只是想试试这个风格的妆而已 不是cos不是cos 人不够欧凑合看P图技术吧 顺便还有个视频 秒拍视频 . ​
		",2016-11-2
万圣节;2016-11-01;2016-10-31;2016-11-02;50,308,万圣节,2016-11-01,"
万圣节倒计时！最后秒拍君祝大家万圣节快乐哦！记得参与活动万圣节秒拍君等你来嗨！秒拍视频 ​
		",2016-11-2
万圣节;2016-11-01;2016-10-31;2016-11-02;50,309,万圣节,2016-11-01,"
万圣节
",2016-11-1
万圣节;2016-11-01;2016-10-31;2016-11-02;50,310,万圣节,2016-11-01,"
	  美食DIY# 万圣节Halloween造型紫菜包饭 简单又可爱 没事可以试试 给生活加点乐趣 秒拍视频 . ​
	",2016-11-2
万圣节;2016-11-01;2016-10-31;2016-11-02;50,311,万圣节,2016-11-01,"
万圣节过了吗？出来吓吓人，好凉快 |沧州·东光... ​
		",2016-11-2
万圣节;2016-11-01;2016-10-31;2016-11-02;50,312,万圣节,2016-11-01,"
#你怎么看李恩熙这位全身整容的美女?#发些万圣节找到的好图片，给大家分享一下 真的蛮吓人...... ​
		",2016-11-2
万圣节;2016-11-01;2016-10-31;2016-11-02;50,313,万圣节,2016-11-01,"
		每一年万圣节看这个视频都会笑晕哈哈太可爱啦
		",2016-11-2
万圣节;2016-11-01;2016-10-31;2016-11-02;50,314,万圣节,2016-11-01,"
	  我把你的万圣节糖果全吃完啦 ！！ 哈哈。。今年万圣节的坑娃专辑.....  每年万圣节的必选节目好么！！！ 英国那些事... ​
	",2016-11-2
万圣节;2016-11-01;2016-10-31;2016-11-02;50,315,万圣节,2016-11-01,"
#万圣节狂欢万圣节·小蚁家族cosplay大比拼#给力的活动，产品我要收入囊中 网页链接
",2016-10-28
万圣节;2016-11-01;2016-10-31;2016-11-02;50,316,万圣节,2016-11-01,"
#狂欢万圣节·小蚁家族cosplay大比拼#即日起至11月1日，转发本微博并选择你最喜欢的小蚁家族万圣节造型，即有机会获得万圣节私人定制小蚁智能行车记录仪动力版一台。 网页链接 ​
	",2016-11-2
万圣节;2016-11-01;2016-10-31;2016-11-02;50,317,万圣节,2016-11-01,"
		点击上方“蓝字”关注我 话说昨天万圣节 朋友圈刮起了阵阵“鬼风” 各种帅哥美女摇身一变成为“厉鬼” 网页链接 |北京·朝阳... ​
		",2016-11-2
万圣节;2016-11-01;2016-10-31;2016-11-02;50,318,万圣节,2016-11-01,"
#万圣节之夜#节日快乐 网页链接 @w未来的路有你 @一指流砂Q_681 @想要你就叫r矫情你麻痹
",2016-10-28
万圣节;2016-11-01;2016-10-31;2016-11-02;50,319,万圣节,2016-11-01,"
	  该微博因被多人举报，根据《微博社区管理规定》，已被删除。查看帮助：|转发的微博...
",2016-11-2
万圣节;2016-11-01;2016-10-31;2016-11-02;50,320,万圣节,2016-11-01,"
		发表了一篇转载博文《[转载]万圣节夜晚，香港兰桂坊群魔乱舞》|[转载]万圣... ​
		",2016-11-2
万圣节;2016-11-01;2016-10-31;2016-11-02;50,321,万圣节,2016-11-01,"
万圣节相关的粮超级可爱
",2016-11-2
万圣节;2016-11-01;2016-10-31;2016-11-02;50,322,万圣节,2016-11-01,"
#摇滚莫扎特##莫萨#虽然错过了万圣节可我还是要发出来！ ​
	",2016-11-2
万圣节;2016-11-01;2016-10-31;2016-11-02;50,323,万圣节,2016-11-01,"
		看着照片，这是我第一次过万圣节哦！而且还是在香港🤗🤗🤗谢谢出现在我生命中的每一个人！安好！Love youguys！ |漳州·云霄... ​
		",2016-11-2
万圣节;2016-11-01;2016-10-31;2016-11-02;50,324,万圣节,2016-11-01,"
		4岁6月+，和幼儿园最好的朋友参加万圣节派对，这三只小黄鸭忒抢眼了！和郭一鸣一起绑腿走还真是有模有样，讨糖环节回答问题本来第一个举手，感觉不会回答又一屁股坐下，错失机会，老师扔糖果的时候也不捡，永远慢半拍的孩子哇！ ​
		",2016-11-2
万圣节;2016-11-01;2016-10-31;2016-11-02;50,325,万圣节,2016-11-01,"
#万圣节来西麦捣蛋有惊喜#用一颗平常心来对待每一个活动，以一份真诚来打动小编的内心。或许我不是最幸运的那个粉丝，但我一定是最用心的哦！在此祝福小编工作顺利，我会一直支持你们的活动的~！
		",2016-10-27
万圣节;2016-11-01;2016-10-31;2016-11-02;50,326,万圣节,2016-11-01,"
#万圣节来西麦捣蛋有惊喜#万圣夜，披着你的床单，戴上你的面具，提着南瓜灯，叩响西麦大门，嚷嚷着“不给糖就捣蛋！”，来西麦捣蛋没糖果，然鹅，只要转发就有机会获得【西麦黑芝麻核桃粉】哦，富含蛋白质维生素，赶走大鬼小鬼，身体倍儿棒。 网页链接 ​
	",2016-11-2
万圣节;2016-11-01;2016-10-31;2016-11-02;50,327,万圣节,2016-11-01,"
		谈谈万圣节：洋节日真的在中国越来越受到待见了吗？_中新网_英语头条 ​
		",2016-11-2
万圣节;2016-11-01;2016-10-31;2016-11-02;50,328,万圣节,2016-11-01,"
万圣节余温最开心的是收到很多小可爱的糖果🍬等考试结束以后还要一起去新开的鬼屋里探险yo ​
		",2016-11-2
万圣节;2016-11-01;2016-10-31;2016-11-02;50,329,万圣节,2016-11-01,"
#给刘惜君的一千零一夜##刘惜君梦想的声音#阿君.今晚和学姐一起检查教室文化好开心呀结束之后.学姐把我们自己部的人留下来给我们每个人分了两个糖她们说补上万圣节的糖好暖心的糖我们学姐对我们特别暖特别温柔.在我们工作中一直都鼓励我们表扬我们给我们自信心❤ 好爱我们的学 ​
			...展开全文c
",2016-11-2
万圣节;2016-11-01;2016-10-31;2016-11-02;50,330,万圣节,2016-11-01,"
万圣节 ​
		",2016-11-2
万圣节;2016-11-01;2016-10-31;2016-11-02;50,331,万圣节,2016-11-01,"
#狗崽# 迟到的万圣节糖果
",2016-11-2
万圣节;2016-11-01;2016-10-31;2016-11-02;50,332,万圣节,2016-11-01,"
#阴阳师手游# #狗崽# *幼龄化注意。虽然万圣节已经过了，但不给糖还是会捣蛋哦ww这大概叫“狐假狗威”（不。 ​
	",2016-11-2
万圣节;2016-11-01;2016-10-31;2016-11-02;50,333,万圣节,2016-11-01,"
		一万圣节过了，非得拍一张 ​
		",2016-11-2
万圣节;2016-11-01;2016-10-31;2016-11-02;50,334,万圣节,2016-11-01,"
万圣节啦??，来参加环球漫游搞怪内容大赛#万圣节之夜# 吧！ @薏Blueblue翼 @周冻臻__s @石保晔
",2016-10-28
万圣节;2016-11-01;2016-10-31;2016-11-02;50,335,万圣节,2016-11-01,"
	  该微博因被多人举报，根据《微博社区管理规定》，已被删除。查看帮助：|转发的微博...
",2016-11-2
万圣节;2016-11-01;2016-10-31;2016-11-02;50,336,万圣节,2016-11-01,"
		迟来的万圣节贺图⊙ω⊙上课偷偷摸了个鱼   来自一个上课不好好写题的girl ​
		",2016-11-2
万圣节;2016-11-01;2016-10-31;2016-11-02;50,337,万圣节,2016-11-01,"
		是我最近粉丝滤镜太严重了吗最近七只真的太可爱太软萌了无论做什么都觉得超级超级可爱，（我大概只会夸他们可爱了）这期团综万圣节变装那里真的觉得他们就是儿童节变装嘛喜欢爱豆经常会幻想他们是boyfriend，可是最近好想好想和他们做朋 ​
			...展开全文c
",2016-11-2
万圣节;2016-11-01;2016-10-31;2016-11-02;50,338,万圣节,2016-11-01,"
		只要心中有鬼，天天都是万圣节，所以你们在搞啥鬼
		",2016-11-2
万圣节;2016-11-01;2016-10-31;2016-11-02;50,339,万圣节,2016-11-01,"
	  薛氏有子初崛起@薛长锐 长杆一撑五八一@薛长锐 锐不可当新势力@薛长锐 粉丝拥护无人及@薛长锐 ​
	",2016-11-2
万圣节;2016-11-01;2016-10-31;2016-11-02;50,340,万圣节,2016-11-01,"
		最近在台湾网络上最火的一个小朋友，装扮成无脸男参加幼儿园万圣节派对，简直酷到没朋友，小朋友都不敢和他玩 秒拍视频 ​
		",2016-11-2
万圣节;2016-11-01;2016-10-31;2016-11-02;50,341,万圣节,2016-11-01,"
#拯救不开心#BBC万圣节天气预报，也是没正经 秒拍视频 ​
		",2016-11-2
万圣节;2016-11-01;2016-10-31;2016-11-02;50,342,万圣节,2016-11-01,"
		补发万圣节 ​
		",2016-11-2
万圣节;2016-11-01;2016-10-31;2016-11-02;50,343,万圣节,2016-11-01,"
#红火火婚礼派对# 多有趣的万圣节，…不给糖就捣蛋… |宿迁·宿城... ​
		",2016-11-2
万圣节;2016-11-01;2016-10-31;2016-11-02;50,344,万圣节,2016-11-01,"
		情人节让我一个人过！万圣节让我一个人过！圣诞节让我一个人过！跨年让我一个人过！有本事期末考试你也让我一个人过啊！！! ​
		",2016-11-2
万圣节;2016-11-01;2016-10-31;2016-11-02;50,345,万圣节,2016-11-01,"
		向非主流自拍大眼效果屈服。。。最近气色差到死。。。我觉得前天的万圣节妆。。。嗯对的。。。。那个眼周血丝的。。。就是高三党suffer的真实写照。。。。#冒个泡#呐。。。成人礼那天我明明还是风骚的。。。。图二的艺术滤镜。。。让我有了考完试给自己画自画像的冲动 ​
		",2016-11-2
万圣节;2016-11-01;2016-10-31;2016-11-02;50,346,万圣节,2016-11-01,"
万圣节我最先想到的是老南瓜，制作一个南瓜灯可以增添节日气氛哦@保持低调CC @哈哈小天后DE地盘 @流浪的终点TT
",2016-10-28
万圣节;2016-11-01;2016-10-31;2016-11-02;50,347,万圣节,2016-11-01,"
	  迎接10月31日万圣节KT通信精心准备的有奖活动！提起万圣节想到的形象是？骷髅？老南瓜？幽灵？在3个选择当中选一个写在评论处，@3位好友 就能赢取奖品噢！不要错过这次机会呦~~ ​
	",2016-11-2
万圣节;2016-11-01;2016-10-31;2016-11-02;50,348,万圣节,2016-11-01,"
		上海的天气渐凉，礼拜一晚上还有晚自习要上，万圣节的自习课要进行社团报名招新，这下李刚辅导员说每个人必须参加一个社团，本想加摄影社但不想以后买个镜头就要吃土，还是准备重操旧业，报个吉他社吧！刚才去北区的水果店买了些橘子，阿姨送了我几根香蕉，感动！拍了一组水果静物，等下吃完晚饭上晚自 ​
			...展开全文c
",2016-11-2
万圣节;2016-11-01;2016-10-31;2016-11-02;50,349,万圣节,2016-11-01,"
#幻妆play#这次作业交了两遍，还是觉醒以后的裂口女好看233（其实学习了教程_(:3」∠❀)）_万圣节嘛，就是要吓人呀口桀口桀口桀～最开心的是，这回我的脸终于不吃妆了哈哈哈坚持了一下午！@幻天动漫社 ​
		",2016-11-2
万圣节;2016-11-01;2016-10-31;2016-11-02;50,350,万圣节,2016-11-01,"
		周一 周二 周三 时间过得好快 我的桃源都回去上了一天班了 希望我三天的洗脑还有效 那个说万圣节晚上中街偶遇的人 那个和我说这个礼拜再见的人 那个每次淘宝看到好东西都给我分享的人 姐这个礼拜还是在家待着吧不想看到那个暴力还欠我好吃的的某某某秀恩爱 也让你们想想我 然后等我去再给我做好吃的 ​
		",2016-11-2
万圣节;2016-11-01;2016-10-31;2016-11-02;50,351,万圣节,2016-11-01,"
#路西法第二季#EP6观看终了。万圣节主题，温馨又致郁的一集，核心词--坦诚。麦子当临时保姆带小孩上街讨糖吃，路西法因为无意中杀了哥哥而方寸大乱。小猴子要麦子画上万圣装扮，麦子现了真身，孩子很兴奋觉得酷极了，麦子发觉孩子并没害怕而松了一口气。心理医生要路西法坦诚，不再用隐喻对话，路西 ​
			...展开全文c
",2016-11-2
万圣节;2016-11-01;2016-10-31;2016-11-02;50,352,万圣节,2016-11-01,"
		20161103万圣节又到了，孩子们玩的好开心！老师精心布置了教室 ​
		",2016-11-2
万圣节;2016-11-01;2016-10-31;2016-11-02;50,353,万圣节,2016-11-01,"
#守望先锋# #双飞组# “虽然很舍不得，但再见面又是明年了，幸好你不会思念我。”封面用图已经得到@蛇宴 太太的授权，她的人就像她的画一样温柔 (′▽`〃)发布了头条文章：《万圣节故事》 |万圣节故事 ​
		",2016-11-2
万圣节;2016-11-01;2016-10-31;2016-11-02;50,354,万圣节,2016-11-01,"
		怎么办！几天不见又帅了！万圣节！貌似我做了一天的南瓜蛋糕
",2016-10-31
万圣节;2016-11-01;2016-10-31;2016-11-02;50,355,万圣节,2016-11-01,"
	  这个万圣节还挺恐怖的，因为今天早上五点多通告，吓人吧？ ​
	",2016-11-2
万圣节;2016-11-01;2016-10-31;2016-11-02;50,356,万圣节,2016-11-01,"
		梨泰院万圣节~~依旧超级满足！一年中最期待的活动~好喜欢这个气氛~整条街各种鬼~~万圣节结束后每天都在忙忙忙 先整理出第一波图~ 最后一张的小哥没有化妆 但是觉得挺可爱的就去要了合照 结果人家受到了惊吓 ​
		",2016-11-2
万圣节;2016-11-01;2016-10-31;2016-11-02;50,357,万圣节,2016-11-01,"
#壕送万圣节“重量级法宝”Tristellar三角机箱！#感谢岁月让一只友谊的船，让我们找到了落帆的愿望，感谢小编微博的活动，让我找到了互动交友的家园；
",2016-10-26
万圣节;2016-11-01;2016-10-31;2016-11-02;50,358,万圣节,2016-11-01,"
#壕送万圣节“重量级法宝”Tristellar三角机箱！# 快掐一下自己，这次让你做梦流口水的Tristellar三角机箱侧透版也来啦！转发此微博并guanzhu@九州风神DEEPCOOL即可赢取炫酷太空飞船造型的Tristellar三角机箱侧透版，做万圣节之王！你还等什么？！ 网页链接 ​
	",2016-11-2
万圣节;2016-11-01;2016-10-31;2016-11-02;50,359,万圣节,2016-11-01,"
		补发万圣节 ​
		",2016-11-2
万圣节;2016-11-01;2016-10-31;2016-11-02;50,360,万圣节,2016-11-01,"
@杨大牛_ 我把你的万圣节糖果全吃完啦 ！！ 哈哈。。今年万圣节的坑娃专辑..... （分享自 @火鸡岛） 网页链接 ​
		",2016-11-2
万圣节;2016-11-01;2016-10-31;2016-11-02;50,361,万圣节,2016-11-01,"
万圣节？
		",2016-11-2
万圣节;2016-11-01;2016-10-31;2016-11-02;50,362,万圣节,2016-11-01,"
	  仿佛对狗生感到了绝望我的朋友是... ​
	",2016-11-2
万圣节;2016-11-01;2016-10-31;2016-11-02;50,363,万圣节,2016-11-01,"
#万圣节之夜#两个小调皮的万圣节装扮 @欢爱久成病h @手机用户1806941923 @待我个子长高5少年娶我
",2016-10-28
万圣节;2016-11-01;2016-10-31;2016-11-02;50,364,万圣节,2016-11-01,"
	  该微博因被多人举报，根据《微博社区管理规定》，已被删除。查看帮助：|转发的微博...
",2016-11-2
万圣节;2016-11-01;2016-10-31;2016-11-02;50,365,万圣节,2016-11-01,"
		分享一只万圣节那天的小可爱 #万圣节# ​
		",2016-11-2
万圣节;2016-11-01;2016-10-31;2016-11-02;50,366,万圣节,2016-11-01,"
万圣节恶搞他人，太坏了。 秒拍视频 . ​
		",2016-11-2
万圣节;2016-11-01;2016-10-31;2016-11-02;50,367,万圣节,2016-11-01,"
		我靠～守望先锋的万圣节皮肤全都不能买了你敢信？！！暴雪你这样做实在是。。。。。。太好了～·我昨天晚上把没抽到的都买了，科科 ​
		",2016-11-2
万圣节;2016-11-01;2016-10-31;2016-11-02;50,368,万圣节,2016-11-01,"
		深夜电影+万圣节糖果……不错不错   ​
		",2016-11-2
万圣节;2016-11-01;2016-10-31;2016-11-02;50,369,万圣节,2016-11-01,"
#万圣节之夜#搞怪搞怪~ @雨晴_kiki @誡鋽丶緦戀j @手机用户2970737435
",2016-10-28
万圣节;2016-11-01;2016-10-31;2016-11-02;50,370,万圣节,2016-11-01,"
	  该微博因被多人举报，根据《微博社区管理规定》，已被删除。查看帮助：|转发的微博...
",2016-11-2
万圣节;2016-11-01;2016-10-31;2016-11-02;50,371,万圣节,2016-11-01,"
#嗅美万圣节狂欢盛宴#好活动实在是很多,导致让我迷失了双眼,今晚的努力,就是为了让我家也能乐一乐
",2016-10-29
万圣节;2016-11-01;2016-10-31;2016-11-02;50,372,万圣节,2016-11-01,"
#嗅美万圣节狂欢盛宴#转发关注此微博参与万圣节活动，即有机会跟小美一起在三里屯Live in club 嗨翻整个万圣节之夜哦~ 更有各种其他精彩礼物等待着大家[抱抱_旧] 网页链接 ​
	",2016-11-2
万圣节;2016-11-01;2016-10-31;2016-11-02;50,373,万圣节,2016-11-01,"
		哇，小孩子们的万圣节很想我们的压岁钱
		",2016-11-2
万圣节;2016-11-01;2016-10-31;2016-11-02;50,374,万圣节,2016-11-01,"
	  2016年度吉米鸡毛秀之“我把你的万圣节糖果都吃了”来咯，今年这波小朋友的反应也逗得不要不要的，感觉我们全是熊大人 秒拍视频 ​
	",2016-11-2
万圣节;2016-11-01;2016-10-31;2016-11-02;50,375,万圣节,2016-11-01,"
万圣节得小尾巴得赶紧抓住了。 |北京欢乐谷 ​
		",2016-11-2
万圣节;2016-11-01;2016-10-31;2016-11-02;50,376,万圣节,2016-11-01,"
		及川光博王子装也太好看了吧突然发现B站还有这个万圣节歌谣祭可以看～ ​
		",2016-11-2
万圣节;2016-11-01;2016-10-31;2016-11-02;50,377,万圣节,2016-11-01,"
万圣节party再也不来了 吓得我腿软 |广州·长隆... ​
		",2016-11-2
万圣节;2016-11-01;2016-10-31;2016-11-02;50,378,万圣节,2016-11-01,"
万圣节 ​
		",2016-11-2
万圣节;2016-11-01;2016-10-31;2016-11-02;50,379,万圣节,2016-11-01,"
		【澳大利亚万圣节之夜狂欢变骚乱 维州警方封街】澳洲网报道，今年10月31日的万圣节之夜，有超过500名青少年聚集在澳大利亚墨尔本北部诺斯科特（Northcote）的一处联合教堂狂欢，但在酒精和毒品的作用下，狂欢变为骚乱，最终导致两名高中生因吸毒过量被送往医院。（中国新闻网）|婢冲ぇ鍒╀... ​
		",2016-11-2
万圣节;2016-11-01;2016-10-31;2016-11-02;50,380,万圣节,2016-11-01,"
#波城快讯# 飞机上的“不给糖果就捣乱”——年度暖心老爸，为了让从波士顿飞往旧金山的3岁小女儿在飞机上过万圣节，秘密的给每一个乘客提前分发了糖果，以便小女儿能顺利的从每位乘客那里顺利要到糖果！他的举动得到了很多人的支持，幸运的是，女儿也没有发现这个小秘密喔！ ​
		",2016-11-2
万圣节;2016-11-01;2016-10-31;2016-11-02;50,381,万圣节,2016-11-01,"
#hi十一月#迟到的万圣节 |厦门·泰和... ​
		",2016-11-2
万圣节;2016-11-01;2016-10-31;2016-11-02;50,382,万圣节,2016-11-01,"
万圣节真是high，希望能再玩一次，这么便宜哪能错过？
		",2016-11-2
万圣节;2016-11-01;2016-10-31;2016-11-02;50,383,万圣节,2016-11-01,"
	  万圣后狂欢，北京欢乐谷邀你夜场嗨翻天！11.4-11.6，通过北京欢乐谷官网、官方微信平台购买夜场门票仅需29.9元/人，数量有限先到先得！游客需实名制购买，每天14:00前可买当日票，每人限购一张哦~12大主题鬼屋、7大鬼域、10大特色精品鬼怪等着你，敢来么？ ​
	",2016-11-2
万圣节;2016-11-01;2016-10-31;2016-11-02;50,384,万圣节,2016-11-01,"
		分享自田桃源 《桃花源古镇万圣节上演“人鬼情未了”》 - 西风东渐。不管你愿意不愿意，随着中西文化的互通互融，各种西方的节日总之是来到了。 10月29日至31日，桃花源古镇“... (来自 @头条博客) - |桃花源古镇... ​
		",2016-11-2
万圣节;2016-11-01;2016-10-31;2016-11-02;50,385,万圣节,2016-11-01,"
		给宝宝迟到的万圣节糖果 ​
		",2016-11-2
万圣节;2016-11-01;2016-10-31;2016-11-02;50,386,万圣节,2016-11-01,"
#布大吉祥物##mascot tupper boy#据说...这是今年Tuppy万圣节的装扮回归“简约风” Go Bryant Go Tuppy~~ ​
		",2016-11-2
万圣节;2016-11-01;2016-10-31;2016-11-02;50,387,万圣节,2016-11-01,"
		你们……！？不要误解了啦？！？我才没有欺负小朋友！？我只不过是想拿个糖果啊！？果然万圣节还是应该在家里睡觉看电脑吗！？ ​
		",2016-11-2
万圣节;2016-11-01;2016-10-31;2016-11-02;50,388,万圣节,2016-11-01,"
万圣节 ​
		",2016-11-2
万圣节;2016-11-01;2016-10-31;2016-11-02;50,389,万圣节,2016-11-01,"
		昨天出门的时候好冷，Lucky已经要求穿UGG。我说这样的话你就带个帽子呗今天带他下楼蹦跶，他被围观了。他们说这是万圣节的打扮么？向来对节日不敏感的我说万圣节是什么鬼，他们说是西方的鬼节 ​
		",2016-11-2
万圣节;2016-11-01;2016-10-31;2016-11-02;50,390,万圣节,2016-11-01,"
		其实还是去年的万圣节比较开心 ​
		",2016-11-2
万圣节;2016-11-01;2016-10-31;2016-11-02;50,391,万圣节,2016-11-01,"
		每年万圣节cosplay都能承包我一天的笑点，最后那张简直实力cos#贼搞的段子# ​
		",2016-11-2
万圣节;2016-11-01;2016-10-31;2016-11-02;50,392,万圣节,2016-11-01,"
		春春，妈妈把我万圣节雕的南瓜灯给煮了，还说不甜[流泪] ​
		",2016-11-2
万圣节;2016-11-01;2016-10-31;2016-11-02;50,393,万圣节,2016-11-01,"
		「黄桷坪的日子」要不是上次跟着导航走，我还真找不到这家咖啡馆。在这里，很静谧，很自在。我还认识了两位在这兼职的川美学姐，她们做的华夫饼味道很好。周末还会有社团的电影放映活动，万圣节那天放了B级恐怖片。这一次周末放映香港警匪片，难以自持，这可是我的最爱啊！ |重庆·四川... ​
		",2016-11-2
万圣节;2016-11-01;2016-10-31;2016-11-02;50,394,万圣节,2016-11-01,"
		一年一度的［我吃光了孩子的万圣节糖果］ 熏疼小孩纸们~
		",2016-11-2
万圣节;2016-11-01;2016-10-31;2016-11-02;50,395,万圣节,2016-11-01,"
	  我把你的万圣节糖果全吃完啦 ！！ 哈哈。。今年万圣节的坑娃专辑.....  每年万圣节的必选节目好么！！！ 英国那些事... ​
	",2016-11-2
万圣节;2016-11-01;2016-10-31;2016-11-02;50,396,万圣节,2016-11-01,"
#GOT7##TURBULENCE# 161102 【GOT7的 Hard Carry】万圣节派对，在范哥哥戴着头套偷摸摸地在吃香肠，被Mark发现 珍荣也说，我说怎么总觉得旁边有嚼东西的声音 一个个介绍万圣节服装：小黄谦 Bampire 马里奥 路易 林普森和朴大尉 大家说辛普森的发型好像在范原来的发型 Bam把太后的歌词唱成了星你的调( ​
			...展开全文c
",2016-11-2
万圣节;2016-11-01;2016-10-31;2016-11-02;50,397,万圣节,2016-11-01,"
		嘤嘤嘤你们万圣节我晚自修写作业
		",2016-10-31
万圣节;2016-11-01;2016-10-31;2016-11-02;50,398,万圣节,2016-11-01,"
万圣节，动车上有帅鬼 ​
	",2016-11-2
万圣节;2016-11-01;2016-10-31;2016-11-02;50,399,万圣节,2016-11-01,"
#万圣节来西麦捣蛋有惊喜#感谢岁月让一只友谊的船，让我们找到了落帆的愿望，感谢小编微博的活动，让我找到了互动交友的家园；
",2016-10-27
万圣节;2016-11-01;2016-10-31;2016-11-02;50,400,万圣节,2016-11-01,"
#万圣节来西麦捣蛋有惊喜#万圣夜，披着你的床单，戴上你的面具，提着南瓜灯，叩响西麦大门，嚷嚷着“不给糖就捣蛋！”，来西麦捣蛋没糖果，然鹅，只要转发就有机会获得【西麦黑芝麻核桃粉】哦，富含蛋白质维生素，赶走大鬼小鬼，身体倍儿棒。 网页链接 ​
	",2016-11-2
万圣节;2016-11-01;2016-10-31;2016-11-02;50,401,万圣节,2016-11-01,"
		“万圣节男子扮僵尸吓疯路人！#万圣节#”被抓到会被打死吧董新尧的秒...（使用#秒拍#录制） ​
		",2016-11-2
万圣节;2016-11-01;2016-10-31;2016-11-02;50,402,万圣节,2016-11-01,"
		参加环球漫游搞怪内容大赛#万圣节之夜# +图片或视频赢手机游戏手柄，转发本微博 @封闭多久的灵魂像灾难 @我爱你是否可b以倒过来说 @她b连我家狗都不如
",2016-10-28
万圣节;2016-11-01;2016-10-31;2016-11-02;50,403,万圣节,2016-11-01,"
	  该微博因被多人举报，根据《微博社区管理规定》，已被删除。查看帮助：|转发的微博...
",2016-11-2
万圣节;2016-11-01;2016-10-31;2016-11-02;50,404,万圣节,2016-11-01,"
		发表了一篇转载博文《[转载]万圣节夜晚，香港兰桂坊群魔乱舞》|[转载]万圣... ​
		",2016-11-2
万圣节;2016-11-01;2016-10-31;2016-11-02;50,405,万圣节,2016-11-01,"
		有Eminem的风格..Rob Kardashian和未婚妻Blac Chyna万圣节夜晚变成屠夫夫妇 (照片对比+短视频) | LINS BROS. 林氏兄弟 网页链接 ​
		",2016-11-2
万圣节;2016-11-01;2016-10-31;2016-11-02;50,406,万圣节,2016-11-01,"
万圣节大趴回顾|10.28-31HALLOWEEN PARTY】有贞子有僵尸～有屠夫有吸血鬼～这个万圣节拿铁过的不一般～欢迎秀出你在拿铁过的万圣节照片～【更多新奇派对尽在@北京拿铁酒吧  地址：工人体育场北门22号看台对面。订位电话：010-65518881】 ​
		",2016-11-2
万圣节;2016-11-01;2016-10-31;2016-11-02;50,407,万圣节,2016-11-01,"
		连到义正严辞的发了两条反对万圣节的微信，我可能已经把我们小区的妈妈都得罪完了，哈哈哈，就算孤军奋战，我也要把这个B装到底啊……崩起嘛 ​
		",2016-11-2
万圣节;2016-11-01;2016-10-31;2016-11-02;50,408,万圣节,2016-11-01,"
		我觉得还是要把图发出来，哈哈哈，第一次过万圣节感谢给我化妆的夏夏宝宝和可欣宝宝 ​
		",2016-11-2
万圣节;2016-11-01;2016-10-31;2016-11-02;50,409,万圣节,2016-11-01,"
#火遍网络的“无脸男”小朋友 原来是个小萝莉#万圣节一名灵魂cos无脸男火遍网络，原来 是个可爱的小萝莉！真是酷到没朋友，别的小朋友都不敢和她玩。还吓哭了好几个小伙伴，她特意还让她妈妈站远一点拍她，说无脸男就是要孤独的一个人~可爱死了 |沈阳·沈辽... ​
		",2016-11-2
万圣节;2016-11-01;2016-10-31;2016-11-02;50,410,万圣节,2016-11-01,"
#广州长隆万圣节#下次再来玩啦。很开心，这里的工作人员都很好呢，就是有点高冷，最后去那个监狱风云把我吓尿了，不过要的就是这种感觉。哈哈哈！@广州长隆欢乐世界 ​
		",2016-11-2
万圣节;2016-11-01;2016-10-31;2016-11-02;50,411,万圣节,2016-11-01,"
		发表了博文《万圣节》今天儿子来到了我的单位，我们单位今天举行了万圣节活动。他带了一把枪，一把可以打水弹的枪，他和我们的同事玩的非常的高兴。+单位很多节目都非常的不错。我和我们另外四个同事，演唱了光辉岁|万圣节 ​
		",2016-11-2
万圣节;2016-11-01;2016-10-31;2016-11-02;50,412,万圣节,2016-11-01,"
万圣节的糖果对于外国的孩子们真的太重要了，这种感觉我也好想体验一次。
		",2016-11-2
万圣节;2016-11-01;2016-10-31;2016-11-02;50,413,万圣节,2016-11-01,"
	  “我把你的万圣节糖果全吃完啦 ！” 万圣节的坑娃专辑~ 第一个爹太坏了，还让爬起来看空盆，二次伤害好残酷好吗！ 分享~英国那些事... ​
	",2016-11-2
万圣节;2016-11-01;2016-10-31;2016-11-02;50,414,万圣节,2016-11-01,"
万圣节过后出来吓吓人 ​
		",2016-11-2
万圣节;2016-11-01;2016-10-31;2016-11-02;50,415,万圣节,2016-11-01,"
		霓虹万圣节街头，我也想去玩！！ 网页链接 ​
		",2016-11-2
万圣节;2016-11-01;2016-10-31;2016-11-02;50,416,万圣节,2016-11-01,"
		分享网易图集 《美狮子迎万圣节狂啃南瓜灯》 |美狮子迎万... 来自@网易新闻客户端 #网易新闻# ​
		",2016-11-2
万圣节;2016-11-01;2016-10-31;2016-11-02;50,417,万圣节,2016-11-01,"
万圣节特辑 秒拍视频 . ​
		",2016-11-2
万圣节;2016-11-01;2016-10-31;2016-11-02;50,418,万圣节,2016-11-01,"
		“我把你的万圣节糖果全吃完啦 ！” 万圣节的坑娃专辑~ 第一个爹太坏了，还让爬起来看空盆，二次伤害好残酷好吗！ 英国那些事... ​
		",2016-11-2
万圣节;2016-11-01;2016-10-31;2016-11-02;50,419,万圣节,2016-11-01,"
#成都信息工程大学天文社#万圣节的“古怪”新月~仅仅29小时的新月是啥样?由于湖面附近的温度梯度，大气层在万圣节也来“搞怪”，让我们的视野中出现了一个带着古怪形状与颜色的月牙~by John Stetson,at Sebago Lake, Maine |成都·双流... ​
		",2016-11-2
万圣节;2016-11-01;2016-10-31;2016-11-02;50,420,万圣节,2016-11-01,"
		5个万圣节做了不止5个南瓜灯，找到第六年该做什么了//@电影控控: 哈哈一秒出戏//@自由蝈蝈77：好像两个人在焊铁……
		",2016-11-2
万圣节;2016-11-01;2016-10-31;2016-11-02;50,421,万圣节,2016-11-01,"
	  内战版南瓜灯，一旦点亮，效果炫酷 ​
	",2016-11-2
万圣节;2016-11-01;2016-10-31;2016-11-02;50,422,万圣节,2016-11-01,"
#万圣节来西麦捣蛋有惊喜#期待好运呀，哇哈，支持！！！给力活动支持
		",2016-10-27
万圣节;2016-11-01;2016-10-31;2016-11-02;50,423,万圣节,2016-11-01,"
#万圣节来西麦捣蛋有惊喜#万圣夜，披着你的床单，戴上你的面具，提着南瓜灯，叩响西麦大门，嚷嚷着“不给糖就捣蛋！”，来西麦捣蛋没糖果，然鹅，只要转发就有机会获得【西麦黑芝麻核桃粉】哦，富含蛋白质维生素，赶走大鬼小鬼，身体倍儿棒。 网页链接 ​
	",2016-11-2
万圣节;2016-11-01;2016-10-31;2016-11-02;50,424,万圣节,2016-11-01,"
		如果说Ray Villafane雕刻的万圣节南瓜略微有些恐怖的话，那艺术家Christine Chin设计的感官厨房(Sentient Kitchen)用具就绝对是“恶心死人不偿命”。它们都是模仿人的各种器官来制作的，而最恶心就是上面还附带着长长的毛发。 ​
		",2016-11-2
万圣节;2016-11-01;2016-10-31;2016-11-02;50,425,万圣节,2016-11-01,"
万圣节实在是太坏了，希望能再过一次
		",2016-11-2
万圣节;2016-11-01;2016-10-31;2016-11-02;50,426,万圣节,2016-11-01,"
	  万圣后狂欢，北京欢乐谷邀你夜场嗨翻天！11.4-11.6，通过北京欢乐谷官网、官方微信平台购买夜场门票仅需29.9元/人，数量有限先到先得！游客需实名制购买，每天14:00前可买当日票，每人限购一张哦~12大主题鬼屋、7大鬼域、10大特色精品鬼怪等着你，敢来么？ ​
	",2016-11-2
万圣节;2016-11-01;2016-10-31;2016-11-02;50,427,万圣节,2016-11-01,"
		小仙吕宝宝给我的万圣节糖果手动比心@哦哟喂咯 ​
		",2016-11-2
万圣节;2016-11-01;2016-10-31;2016-11-02;50,428,万圣节,2016-11-01,"
		么么哒～上一组万圣节关注我们圣诞还有类似的活动
",2016-11-2
万圣节;2016-11-01;2016-10-31;2016-11-02;50,429,万圣节,2016-11-01,"
#JOYING STUDIO# 不给糖就使坏，万圣节过去啦，可是南京美腻的夜景还在呢~宝宝们来约我吧@摄影师樱桃肉丸子 @帥帥得华仔 @图虫人像摄影 @南京1912官方微博 ​
	",2016-11-2
万圣节;2016-11-01;2016-10-31;2016-11-02;50,430,万圣节,2016-11-01,"
万圣节参加了芝麻街活动，妞是米妮造型，老师示范手指画，手指点画很多小南瓜并逐个画上表情，妞只认定一个，一圈圈涂抹开成了个大南瓜，挥手画上长嘴巴，接着右边眼，左边眼，几下就画出了俏皮南瓜的感觉，看她干脆挥洒的样子，我忍不住旁边大笑。怎么办，每次看她认真的样子 ​
		",2016-11-2
万圣节;2016-11-01;2016-10-31;2016-11-02;50,431,万圣节,2016-11-01,"
		happy 万圣节#万圣节大趴体##万圣节妆容##万圣节# |日本·东京 ​
		",2016-11-2
万圣节;2016-11-01;2016-10-31;2016-11-02;50,432,万圣节,2016-11-01,"
万圣节校招，没参加任何活动。今天朋友圈这一中一西的两张图有点意思。图一小牌上写着：你不能选总统，但是你可以选我们的南瓜。 ​
		",2016-11-2
万圣节;2016-11-01;2016-10-31;2016-11-02;50,433,万圣节,2016-11-01,"
		表演社团的万圣节活动，让小朋友们自己准备道具，结果女孩子大部分都准备了面具。米来小朋友回家路上叽叽喳喳的给我讲了一路社团的活动！她说，妈妈，我太喜欢这个社团了 ​
		",2016-11-2
万圣节;2016-11-01;2016-10-31;2016-11-02;50,434,万圣节,2016-11-01,"
万圣节和狗狗 |南宁·青秀... ​
		",2016-11-2
万圣节;2016-11-01;2016-10-31;2016-11-02;50,435,万圣节,2016-11-01,"
		【让孩子过万圣节，真的跑偏了】（我在 @头条号 发了一篇文章） 网页链接 ​
		",2016-11-2
万圣节;2016-11-01;2016-10-31;2016-11-02;50,436,万圣节,2016-11-01,"
万圣节 ​
		",2016-11-2
万圣节;2016-11-01;2016-10-31;2016-11-02;50,437,万圣节,2016-11-01,"
		和限量版子尧一起度过的万圣节时光😆 ​
		",2016-11-2
万圣节;2016-11-01;2016-10-31;2016-11-02;50,438,万圣节,2016-11-01,"
万圣节，我在丁堰宝贝幼儿园变装舞会，你呢？ |如皋市 ​
		",2016-11-2
万圣节;2016-11-01;2016-10-31;2016-11-02;50,439,万圣节,2016-11-01,"
万圣节快乐，晚上看有点吓人哦
",2016-10-31
万圣节;2016-11-01;2016-10-31;2016-11-02;50,440,万圣节,2016-11-01,"
	  HELLOWEEN ​
	",2016-11-2
万圣节;2016-11-01;2016-10-31;2016-11-02;50,441,万圣节,2016-11-01,"
		妈妈让我没了朋友，孤单的万圣节 //【视频】什么叫红到没朋友！ 网页链接 (分享自 @内涵段子) ​
		",2016-11-2
万圣节;2016-11-01;2016-10-31;2016-11-02;50,442,万圣节,2016-11-01,"
		【ZAKER社区】迟到的万圣节 |迟到的万圣... (分享自ZAKER) ​
		",2016-11-2
万圣节;2016-11-01;2016-10-31;2016-11-02;50,443,万圣节,2016-11-01,"
万圣节过了，补发几张照片.... ​
		",2016-11-2
万圣节;2016-11-01;2016-10-31;2016-11-02;50,444,万圣节,2016-11-01,"
		宝宝们真的好可爱啊~my  candy！！！#万圣节快乐#
",2016-11-2
万圣节;2016-11-01;2016-10-31;2016-11-02;50,445,万圣节,2016-11-01,"
	  该微博因被多人举报，根据《微博社区管理规定》，已被删除。查看帮助：|转发的微博...
",2016-11-2
万圣节;2016-11-01;2016-10-31;2016-11-02;50,446,万圣节,2016-11-01,"
#万圣节大趴体#今晚我校各个社团齐聚1331教室，以一场晚会的形式来表达我们对万圣节的喜爱。搞怪的妆容，炫酷的舞台，精彩的节目，轻松的游戏，精美的礼品还有众多才华横溢的杏仁儿们，快来看看吧。 ​
		",2016-11-2
万圣节;2016-11-01;2016-10-31;2016-11-02;50,447,万圣节,2016-11-01,"
		小影子又来啦！！！！说万圣节小影子化了一个万圣节妆，舍友说吓人，小影子看了她一眼默默的说了句：那还能有你卸了妆吓人，，，不说了，舍友又来追我了 ​
		",2016-11-2
万圣节;2016-11-01;2016-10-31;2016-11-02;50,448,万圣节,2016-11-01,"
		迟到祝福万圣节快乐@YvonneChing
",2016-11-2
万圣节;2016-11-01;2016-10-31;2016-11-02;50,449,万圣节,2016-11-01,"
	  Yvonne ins更新: Vamp @YvonneChing ​
	",2016-11-2
万圣节;2016-11-01;2016-10-31;2016-11-02;50,450,万圣节,2016-11-01,"
@万圣节--南瓜灯
",2016-11-2
万圣节;2016-11-01;2016-10-31;2016-11-02;50,451,万圣节,2016-11-01,"
	  厉害了word天！11月2日至11月9日，连续八天16个一线大牌在京东全面上演#王牌争霸#！看好物低价激烈PK，相爱相杀，谁才是你的霸道王牌？↓↓↓快看王牌如何霸气亮相，支持你的爱！ 秒拍视频 . ​
	",2016-11-2
万圣节;2016-11-01;2016-10-31;2016-11-02;50,452,万圣节,2016-11-01,"
#万圣节电影票转发抽奖福利# 活动很给力，大家一起来分享 希望大家都能开心的过每一天.
",2016-10-31
万圣节;2016-11-01;2016-10-31;2016-11-02;50,453,万圣节,2016-11-01,"
#万圣节电影票转发抽奖福利# 又到了钱牛牛每逢佳节送福利的时间~万圣节除了装鬼之外也和鬼鬼的TA去看好片，无门槛转发本条~牛牛将在11月3号抽出5位幸运儿，每人送两张格瓦拉绿券哦！快快转发吧 网页链接 ​
	",2016-11-2
万圣节;2016-11-01;2016-10-31;2016-11-02;50,454,万圣节,2016-11-01,"
		“万圣节男子扮僵尸吓疯路人董新尧的秒...（使用#秒拍#录制） ​
		",2016-11-2
万圣节;2016-11-01;2016-10-31;2016-11-02;50,455,万圣节,2016-11-01,"
#万圣节送好礼啦#我是一个知足常乐的人，我期待着生活中的小惊喜
		",2016-10-31
万圣节;2016-11-01;2016-10-31;2016-11-02;50,456,万圣节,2016-11-01,"
#万圣节送好礼啦#万圣节活动期间转发格丽思万圣节特辑视频，我们将会随机抽取两名幸运者得价值268元的法国Monbento 原创双层分格便当盒一份! 网页链接 ​
	",2016-11-2
万圣节;2016-11-01;2016-10-31;2016-11-02;50,457,万圣节,2016-11-01,"
#VOA慢速英语#《你是否信鬼呢？》[http://t.cn/RV3YEuL]万圣节即将来临，今天我们要探索的是闹鬼的世界。 ​
		",2016-11-2
万圣节;2016-11-01;2016-10-31;2016-11-02;50,458,万圣节,2016-11-01,"
万圣节 ​
		",2016-11-2
万圣节;2016-11-01;2016-10-31;2016-11-02;50,459,万圣节,2016-11-01,"
		迟到万圣节#洗完澡素颜不能被看见的我想了个招儿# 哈哈哈 自己也玩的很开心嘛 ​
		",2016-11-2
万圣节;2016-11-01;2016-10-31;2016-11-02;50,460,万圣节,2016-11-01,"
		miku万圣节cosplay不给糖果就捣乱。 ​
		",2016-11-2
万圣节;2016-11-01;2016-10-31;2016-11-02;50,461,万圣节,2016-11-01,"
		那个猴孩子说这是万圣节礼物，还自己给自己批改了一下时不时在作业上总会来点意外的东西 |济南·历下... ​
		",2016-11-2
万圣节;2016-11-01;2016-10-31;2016-11-02;50,462,万圣节,2016-11-01,"
		请问万圣节和中国有毛关系？ |平顶山·叶... ​
		",2016-11-2
万圣节;2016-11-01;2016-10-31;2016-11-02;50,463,万圣节,2016-11-01,"
#早餐三友回忆录# 不管在哪里都会面临同样的交际问题，人心肉长～不过还好，总有人要首先去包容。万圣节～余生再和你们约了 ​
		",2016-11-2
万圣节;2016-11-01;2016-10-31;2016-11-02;50,464,万圣节,2016-11-01,"
#万圣节快乐#万圣节，在家陪着儿子吃零食、看动画片、玩娃娃车游戏，儿子乐得不停的笑着闹着，倒把我累得够呛@辉县的吴文雨 @静坐听风的旋律 @杜杜小1 @沉沦乌石里
",2016-10-31
万圣节;2016-11-01;2016-10-31;2016-11-02;50,465,万圣节,2016-11-01,"
#万圣节快乐#你的万圣节，是(  )样的?转发时分享你的万圣节并艾特三位好友，即有可能获得芬达限量滑板!!!不说了，小可去要糖吃  ​
	",2016-11-2
万圣节;2016-11-01;2016-10-31;2016-11-02;50,466,万圣节,2016-11-01,"
		从发现万圣季园区的南瓜都是真的那天起我就知道万圣节过后肯定要喝南瓜粥了晚上去员工餐厅真的喝到了南瓜粥🌚 ​
		",2016-11-2
万圣节;2016-11-01;2016-10-31;2016-11-02;50,467,万圣节,2016-11-01,"
		我把你的万圣节糖果全吃完啦 ！！ 哈哈。。今年万圣节的坑娃专辑.....  每年万圣节的必选节目好么！！！ 英国那些事... ​
		",2016-11-2
万圣节;2016-11-01;2016-10-31;2016-11-02;50,468,万圣节,2016-11-01,"
		爱的彩虹……Halloween万圣节来了@手机QQ浏览器 网页链接 ​
		",2016-11-2
万圣节;2016-11-01;2016-10-31;2016-11-02;50,469,万圣节,2016-11-01,"
		虽然错过了万圣节但我还是要说拔拔我爱您爱您爱您嗷嗷嗷嗷～！可爱啊嗷呜～！
		",2016-11-2
万圣节;2016-11-01;2016-10-31;2016-11-02;50,470,万圣节,2016-11-01,"
#摇滚莫扎特##莫萨#虽然错过了万圣节可我还是要发出来！ ​
	",2016-11-2
万圣节;2016-11-01;2016-10-31;2016-11-02;50,471,万圣节,2016-11-01,"
		把朋友嚇到的萬聖節裝扮wwwwwww kiyo ​
		",2016-11-2
万圣节;2016-11-01;2016-10-31;2016-11-02;50,472,万圣节,2016-11-01,"
万圣节后的狂欢
",2016-11-2
万圣节;2016-11-01;2016-10-31;2016-11-02;50,473,万圣节,2016-11-01,"
	  每年万圣节后坑娃必备！我把你的万圣节糖果全吃完啦 ！！  哈哈。。#秒拍#好熏疼这些小宝贝，一脸的绝望→英国那些事... ​
	",2016-11-2
万圣节;2016-11-01;2016-10-31;2016-11-02;50,474,万圣节,2016-11-01,"
万圣节余热 ​
		",2016-11-2
万圣节;2016-11-01;2016-10-31;2016-11-02;50,475,万圣节,2016-11-01,"
万圣节
",2014-11-5
万圣节;2016-11-01;2016-10-31;2016-11-02;50,476,万圣节,2016-11-01,"
万圣节传统缺德活动：《熊父母假装吃光了孩子的万圣节糖果》2014版美国各地的熊爹妈响应吉米鸡毛的号召，骗孩子说他们吃光了所有的万圣节糖果，然后一边哈哈大笑一边拍下孩子们悲痛欲绝的反应 I Told My ... ​
	",2016-11-2
万圣节;2016-11-01;2016-10-31;2016-11-02;50,477,万圣节,2016-11-01,"
万圣节我们相遇—欢乐谷 |东莞 ​
		",2016-11-2
万圣节;2016-11-01;2016-10-31;2016-11-02;50,478,万圣节,2016-11-01,"
		笑死我了！大一那年开始每年万圣节最期待的东西！ //@妖妖小精:么么 //@粽粽粽粽粽粽粽:太可爱啦！！
		",2016-11-2
万圣节;2016-11-01;2016-10-31;2016-11-02;50,479,万圣节,2016-11-01,"
	  一年一度的【我吃光了孩子的万圣节糖果】缺德家长视频大赛又来了！今年已是鸡毛秀连续第六年怂恿家长干这种丧心病狂的事了心疼孩子们，尤其是最后那个小妹妹 【熟肉视频】→ 秒拍视频 ​
	",2016-11-2
万圣节;2016-11-01;2016-10-31;2016-11-02;50,480,万圣节,2016-11-01,"
		感谢翻译！说好了哦！明年万圣节的变装//@継衛:摸着摸着，就到了11月，今年也快结束了
		",2016-11-2
万圣节;2016-11-01;2016-10-31;2016-11-02;50,481,万圣节,2016-11-01,"
	  《きてしまったな。》 |きてしまっ... ​
	",2016-11-2
万圣节;2016-11-01;2016-10-31;2016-11-02;50,482,万圣节,2016-11-01,"
万圣节的这个部分是我最喜欢的哈哈哈哈
		",2016-11-2
万圣节;2016-11-01;2016-10-31;2016-11-02;50,483,万圣节,2016-11-01,"
	  一年一度的【我吃光了孩子的万圣节糖果】缺德家长视频大赛又来了！今年已是鸡毛秀连续第六年怂恿家长干这种丧心病狂的事了心疼孩子们，尤其是最后那个小妹妹 【熟肉视频】→ 秒拍视频 ​
	",2016-11-2
万圣节;2016-11-01;2016-10-31;2016-11-02;50,484,万圣节,2016-11-01,"
		October 30, 2016 - 一只小熊猫（Red Panda）好奇地看着一只表面刻有它样貌的万圣节南瓜，波兰罗兹动物园。10月31日是一年一度的万圣夜（Halloween），南瓜和稻草人等秋天元素是万圣夜的象征。万圣节期间，人们会在南瓜表面雕刻图案，并将内部挖空放入点 @iDaily每日视野 网页链接 ​
		",2016-11-2
万圣节;2016-11-01;2016-10-31;2016-11-02;50,485,万圣节,2016-11-01,"
		_(:з」∠)_迟来的返图～并没有出cos只是随便画了个妆～也有很多可爱的宝宝来合影拍照好开森～！！！但是羞羞不好意思要照片（*/∇＼*）分毛毛虫糖给她们万圣节快乐～#梦次元万圣节返图##万圣节妆容##漫展返图# ​
		",2016-11-2
万圣节;2016-11-01;2016-10-31;2016-11-02;50,486,万圣节,2016-11-01,"
万圣节 ​
		",2016-11-2
万圣节;2016-11-01;2016-10-31;2016-11-02;50,487,万圣节,2016-11-01,"
		【今年最恐怖的万圣节装扮：三星Galaxy Note7】三星Note7因为爆炸事故已经夭折，目前正在渐渐淡出大众的视野，不过今年万圣节却没有忘记它，因为它给人们提供了一个非常好的恐怖题材 分享自@IT之家，详情点击：|网页链接 | ​
		",2016-11-2
万圣节;2016-11-01;2016-10-31;2016-11-02;50,488,万圣节,2016-11-01,"
#嗅美万圣节狂欢盛宴#时刻关注你们的活动 始终是你们的忠实粉丝 祝愿你们每天开心快乐!
		",2016-10-29
万圣节;2016-11-01;2016-10-31;2016-11-02;50,489,万圣节,2016-11-01,"
#嗅美万圣节狂欢盛宴#转发关注此微博参与万圣节活动，即有机会跟小美一起在三里屯Live in club 嗨翻整个万圣节之夜哦~ 更有各种其他精彩礼物等待着大家[抱抱_旧] 网页链接 ​
	",2016-11-2
万圣节;2016-11-01;2016-10-31;2016-11-02;50,490,万圣节,2016-11-01,"
		这个主播真会玩，快来宝儿的世界的直播间围观吧，房间名“万圣节电2一起互相伤害”！房间号：747612 网页链接 来自#斗鱼直播平台#全球领先的综合直播平台！ ​
		",2016-11-2
万圣节;2016-11-01;2016-10-31;2016-11-02;50,491,万圣节,2016-11-01,"
		真的耶没有万圣节限定就没有了开箱子的动力……！！终于可以做其他事了好像…… ​
		",2016-11-2
万圣节;2016-11-01;2016-10-31;2016-11-02;50,492,万圣节,2016-11-01,"
		迟来的万圣节拼贴😶万圣节你们吃糖了嘛不会拍照+不会调滤镜 要哭…烫金的爱丽丝美哭我啦mt的小南瓜也很可爱～@文具控万事屋 @手帐说 @Naonao原创工作室 ​
		",2016-11-2
万圣节;2016-11-01;2016-10-31;2016-11-02;50,493,万圣节,2016-11-01,"
		发表了博文《万圣节，撞到各种“开心小鬼”》|万圣节，撞... ​
		",2016-11-2
万圣节;2016-11-01;2016-10-31;2016-11-02;50,494,万圣节,2016-11-01,"
		补发万圣节那天的照片 |成都·青羊... ​
		",2016-11-2
万圣节;2016-11-01;2016-10-31;2016-11-02;50,495,万圣节,2016-11-01,"
		一年一度的【我吃光了孩子的万圣节糖果】视频大赛又来了！今年已是鸡毛秀连续第六年怂恿家长干这种丧心病狂的事了心疼孩子们，尤其是最后那个小妹妹 【熟肉视频】→网页链接 ​
		",2016-11-2
万圣节;2016-11-01;2016-10-31;2016-11-02;50,496,万圣节,2016-11-01,"
		一年一度的吃掉你的万圣节糖果
		",2016-11-2
万圣节;2016-11-01;2016-10-31;2016-11-02;50,497,万圣节,2016-11-01,"
	  我把你的万圣节糖果全吃完啦 ！！ 哈哈。。今年万圣节的坑娃专辑.....  每年万圣节的必选节目好么！！！ 英国那些事... ​
	",2016-11-2
万圣节;2016-11-01;2016-10-31;2016-11-02;50,498,万圣节,2016-11-01,"
		兔兔的大阪万圣节之夜！！一路上就听见兔子的笑声了hhhh……谢谢兔兔带给我们的欢乐，当然他自己也玩儿了个痛快，这样不是很好嘛。 ps.我一直以为群里都是死忠粉，没想到今天看到有人在说无聊烦死了……有没有伤心啊兔君？ @月见兔Tony ​
		",2016-11-2
万圣节;2016-11-01;2016-10-31;2016-11-02;50,499,万圣节,2016-11-01,"
#魔兽世界# 千奇百怪！2016万圣节暴雪南瓜大赛展览 ​
		",2016-11-2
万圣节;2016-11-01;2016-10-31;2016-11-02;50,500,万圣节,2016-11-01,"
		我分享了文章：聚范直播搜狐万圣节大趴 胡彦斌于湉带“范爷”看校花 |网页链接 ​
		",2016-11-2
万圣节;2016-11-01;2016-10-31;2016-11-02;50,501,万圣节,2016-11-01,"
#超级女团来了##万圣节妆容# 深夜进出地下停车场，遇到这样装扮的人，不要忘记比个心哦 ​
		",2016-11-2
万圣节;2016-11-01;2016-10-31;2016-11-02;50,502,万圣节,2016-11-01,"
		又一年欢乐谷万圣节 宝宝表示鬼屋一点都不可怕️ ​
		",2016-11-2
万圣节;2016-11-01;2016-10-31;2016-11-02;50,503,万圣节,2016-11-01,"
#嗅美万圣节狂欢盛宴#我是一个知足常乐的人，我期待着生活中的小惊喜
",2016-10-29
万圣节;2016-11-01;2016-10-31;2016-11-02;50,504,万圣节,2016-11-01,"
#嗅美万圣节狂欢盛宴#转发关注此微博参与万圣节活动，即有机会跟小美一起在三里屯Live in club 嗨翻整个万圣节之夜哦~ 更有各种其他精彩礼物等待着大家[抱抱_旧] 网页链接 ​
	",2016-11-2
万圣节;2016-11-01;2016-10-31;2016-11-02;50,505,万圣节,2016-11-01,"
		收到啦！！其实很早就到了但是一直懒得去拿应该万圣节发的！！么么哒迟到的返图～@Bamboo原创 ​
		",2016-11-2
万圣节;2016-11-01;2016-10-31;2016-11-02;50,506,万圣节,2016-11-01,"
		【17死42伤 芝加哥万圣节刷新“最血腥周末”纪录】恶之花 网页链接 ​
		",2016-11-2
万圣节;2016-11-01;2016-10-31;2016-11-02;50,507,万圣节,2016-11-01,"
#惊嬉万圣节#活动打烊了~终端君选出了9张入围照片进行投票评选，戳投票看看有没有你→网页链接投票时间截止到11月4日12点，前三名依次获得#华为P9#手机、华为降噪耳机2、华为排插！【参与投票并转发评论本条微博，有机会获得华为自拍杆！】 ​
		",2016-11-2
万圣节;2016-11-01;2016-10-31;2016-11-02;50,508,万圣节,2016-11-01,"
		画室万圣节 ​
		",2016-11-2
万圣节;2016-11-01;2016-10-31;2016-11-02;50,509,万圣节,2016-11-01,"
万圣节，同学们送给我的糖果，多多的 ​
		",2016-11-2
万圣节;2016-11-01;2016-10-31;2016-11-02;50,510,万圣节,2016-11-01,"
		台湾网络上最火的一个小朋友，打扮成无脸男参加幼儿园万圣节派对，酷到没朋友，小朋友都不敢和他玩全球育儿大... ​
		",2016-11-2
万圣节;2016-11-01;2016-10-31;2016-11-02;50,511,万圣节,2016-11-01,"
		过万圣节的乐趣之一就是看鸡毛秀 |深圳·西乡... ​
		",2016-11-2
万圣节;2016-11-01;2016-10-31;2016-11-02;50,512,万圣节,2016-11-01,"
		……一个晚上把万圣节活动从咸鱼刷到再临素材毕业宝具3……争取在最后一个钟头刷到宝具5 ​
		",2016-11-2
万圣节;2016-11-01;2016-10-31;2016-11-02;50,513,万圣节,2016-11-01,"
		最后一波万圣节 找到照片里的披头散发的小丑 ​
		",2016-11-2
万圣节;2016-11-01;2016-10-31;2016-11-02;50,514,万圣节,2016-11-01,"
@入Rogue @-东兔水- 万圣节最期待这个了？
		",2016-11-2
万圣节;2016-11-01;2016-10-31;2016-11-02;50,515,万圣节,2016-11-01,"
	  一年一度的【我吃光了孩子的万圣节糖果】缺德家长视频大赛又来了！今年已是鸡毛秀连续第六年怂恿家长干这种丧心病狂的事了心疼孩子们，尤其是最后那个小妹妹 【熟肉视频】→ 秒拍视频 ​
	",2016-11-2
万圣节;2016-11-01;2016-10-31;2016-11-02;50,516,万圣节,2016-11-01,"
#上外全球重大事件多语种全媒体报道团# 万圣节特辑 |特辑丨亲历... ​
		",2016-11-2
万圣节;2016-11-01;2016-10-31;2016-11-02;50,517,万圣节,2016-11-01,"
		白天跟你过情人节，晚上跟你过万圣节！ @百思不得姐 网页链接 ​
		",2016-11-2
万圣节;2016-11-01;2016-10-31;2016-11-02;50,518,万圣节,2016-11-01,"
万圣节的下午，在幼儿园的大区活动中做按摩师，特别专致耐心！只是体验过的女孩子，头发乱蓬蓬的出去了（这是经历了什么……） ​
		",2016-11-2
万圣节;2016-11-01;2016-10-31;2016-11-02;50,519,万圣节,2016-11-01,"
		笑死了！我把你的万圣节糖果吃完了！2016年新版来了！这些爹妈都是坑娃的好手！！Edwin欧美... ​
		",2016-11-2
万圣节;2016-11-01;2016-10-31;2016-11-02;50,520,万圣节,2016-11-01,"
		【我的時間已經從萬聖節快轉到聖誕節。】 當女生的特權之一，每個月總有某幾天可以沒來由低落懷疑人生任性懶惰亂發脾氣，然後把它通通歸類成是親戚造訪的錯。 一切都是為了讓心情好起來，所以我敗家惹。但心情怎麼還是不太好。 ​
		",2016-11-2
万圣节;2016-11-01;2016-10-31;2016-11-02;50,521,万圣节,2016-11-01,"
@咩咩夫人V @黄橙哟 万圣节宝宝好好看！
		",2016-11-1
万圣节;2016-11-01;2016-10-31;2016-11-02;50,522,万圣节,2016-11-01,"
#Michiko# Mi酱派福❤利啦！大家接好～转花.关注 @Michiko_cat 并安利两个姬友1. 现金1111元 一人2. 任选包包一个 三人3. 1--11号每天在评论里五人50元现金券。11号@微博抽奖平台 公布，节日嘛大家开心就好❤比心 #现金抽奖我是认真的# 传送门：网页链接 网页链接 ​
	",2016-11-2
万圣节;2016-11-01;2016-10-31;2016-11-02;50,523,万圣节,2016-11-01,"
#节目预告#小肥羊们注意了，前方高能警戒！化妆吓人吃糖糖，不给糖就捣蛋啦本周四晚八点，#晴格格走四方#带你见识一个不一样的万圣节 ​
		",2016-11-2
万圣节;2016-11-01;2016-10-31;2016-11-02;50,524,万圣节,2016-11-01,"
		额……我…… 算了，还是不知道要说什么 万圣节快乐，哈！（前几天没回家所以补回来。） ​
		",2016-11-2
万圣节;2016-11-01;2016-10-31;2016-11-02;50,525,万圣节,2016-11-01,"
		【活动报告】炒鸡欢乐的万圣节集市，精彩回顾~ |【活动报告... ​
		",2016-11-2
万圣节;2016-11-01;2016-10-31;2016-11-02;50,526,万圣节,2016-11-01,"
#求助# 亲爱的农场主人，万圣节派对结束了，邻居、同学、朋友都走了，小雪突然感觉有点儿落寞呢。我得想想怎么才能让接下来的生活有趣起来！如果你有好点子，记得在帖文下方留言哦。获得点赞数前3名的农场主人，每人可以获得1农场券！ ​
		",2016-11-2
万圣节;2016-11-01;2016-10-31;2016-11-02;50,527,万圣节,2016-11-01,"
		补一波万圣节的照片，哈哈！永远爱你❤！@-Weeeee |晋城 ​
		",2016-11-2
万圣节;2016-11-01;2016-10-31;2016-11-02;50,528,万圣节,2016-11-01,"
		艾玛~~~。。。应景啊~  万圣节果断评 ~
		",2016-11-2
万圣节;2016-11-01;2016-10-31;2016-11-02;50,529,万圣节,2016-11-01,"
	  理想与现实的差距——一入烤箱误终身，手残党的料理噩梦，一组国外网友自己动手烘烤前后对比图，仿佛看到当初的自己了~ ​
	",2016-11-2
万圣节;2016-11-01;2016-10-31;2016-11-02;50,530,万圣节,2016-11-01,"
		生日万圣节一起过哦很开心 ​
		",2016-11-2
万圣节;2016-11-01;2016-10-31;2016-11-02;50,531,万圣节,2016-11-01,"
万圣节，我可爱的蔡依霖妹妹变这样了。 ​
		",2016-11-2
万圣节;2016-11-01;2016-10-31;2016-11-02;50,532,万圣节,2016-11-01,"
		儿童表演服装万圣节男童超人Cosplay 成人超人服女超人服装披风 |儿童表演服... ​
		",2016-11-2
万圣节;2016-11-01;2016-10-31;2016-11-02;50,533,万圣节,2016-11-01,"
		人生第一个万圣节 重症监护的早产儿变身超级英雄 |人生第一个... ​
		",2016-11-2
万圣节;2016-11-01;2016-10-31;2016-11-02;50,534,万圣节,2016-11-01,"
		一一幼儿园过的第一个万圣节～第一次上台表演的宝贝和她娘 ​
		",2016-11-2
万圣节;2016-11-01;2016-10-31;2016-11-02;50,535,万圣节,2016-11-01,"
万圣节最佳 ​
		",2016-11-2
万圣节;2016-11-01;2016-10-31;2016-11-02;50,536,万圣节,2016-11-01,"
#嗅美万圣节狂欢盛宴#努力去抓住机遇，幸运就会降临！不论收获多少，期待拥有温馨而甜蜜的一天！期待好运降临！
		",2016-10-29
万圣节;2016-11-01;2016-10-31;2016-11-02;50,537,万圣节,2016-11-01,"
#嗅美万圣节狂欢盛宴#转发关注此微博参与万圣节活动，即有机会跟小美一起在三里屯Live in club 嗨翻整个万圣节之夜哦~ 更有各种其他精彩礼物等待着大家[抱抱_旧] 网页链接 ​
	",2016-11-2
万圣节;2016-11-01;2016-10-31;2016-11-02;50,538,万圣节,2016-11-01,"
		今年最恐怖的万圣节装扮：三星Galaxy Note7 ​
		",2016-11-2
万圣节;2016-11-01;2016-10-31;2016-11-02;50,539,万圣节,2016-11-01,"
		从万圣节讨到现在的糖哈哈哈哈，感谢感谢 ​
		",2016-11-2
万圣节;2016-11-01;2016-10-31;2016-11-02;50,540,万圣节,2016-11-01,"
		迟来的万圣节照片，拖延症晚期没有办法。第一次拍夜店style还望各位大神指导一下 ​
		",2016-11-2
万圣节;2016-11-01;2016-10-31;2016-11-02;50,541,万圣节,2016-11-01,"
		错过的万圣节。 |上海·松江... ​
		",2016-11-2
万圣节;2016-11-01;2016-10-31;2016-11-02;50,542,万圣节,2016-11-01,"
万圣节过了！接下来圣诞节继续嗨
",2016-10-30
万圣节;2016-11-01;2016-10-31;2016-11-02;50,543,万圣节,2016-11-01,"
#生活主张# “白天做人，晚上见鬼”。没错！说的就是当下最引年轻人狂欢的万圣节。如今万圣节的玩法也是越来越多变，不但要有妆容，连美甲都来配套了。一批美图来袭，万圣节马上就要来了，赶快躁起来吧！想要给指甲换个新面貌，沪上的美妞也可以去这里：【Forever 17】地址：雁荡路56弄19号 ​
	",2016-11-2
万圣节;2016-11-01;2016-10-31;2016-11-02;50,544,万圣节,2016-11-01,"
		【17死42伤 芝加哥万圣节刷新“最血腥周末”纪录】 网页链接 ​
		",2016-11-2
万圣节;2016-11-01;2016-10-31;2016-11-02;50,545,万圣节,2016-11-01,"
老实交代，是不是那天万圣节拍的
		",2016-11-2
万圣节;2016-11-01;2016-10-31;2016-11-02;50,546,万圣节,2016-11-01,"
	  被朋友说像天线宝宝最近的温度这件衣服好好穿！ ​
	",2016-11-2
万圣节;2016-11-01;2016-10-31;2016-11-02;50,547,万圣节,2016-11-01,"
		昨晚带俏俏参加了小盆友们的万圣节party，做游戏拿礼物唱歌画画……挺有意思呢～ ​
		",2016-11-2
万圣节;2016-11-01;2016-10-31;2016-11-02;50,548,万圣节,2016-11-01,"
		还记得欧洲杯上超级火的助威歌曲《Will Grigg's on fire》吗？有位球迷的万圣节装扮，让北爱神锋Will Grigg真的on fire了。。。。 ​
		",2016-11-2
万圣节;2016-11-01;2016-10-31;2016-11-02;50,549,万圣节,2016-11-01,"
		我的世界之小迷宫。万圣节主题 ​
		",2016-11-2
万圣节;2016-11-01;2016-10-31;2016-11-02;50,550,万圣节,2016-11-01,"
#万圣节和小俱鬼混#从前，微博有一只鬼，后来这只鬼不见了，微博有鬼。
		",2016-10-31
万圣节;2016-11-01;2016-10-31;2016-11-02;50,551,万圣节,2016-11-01,"
#万圣节和小俱鬼混#【有奖转发送手机】即日起截止至11月1日23:59，关注@中国移动手机俱乐部 ，转发本条微博，并在转发评论中用一句话给小俱讲一个鬼故事，就有机会获得中国移动N2手机一部~小俱已经准备好了，快来一起鬼混吧！ ​
	",2016-11-2
万圣节;2016-11-01;2016-10-31;2016-11-02;50,552,万圣节,2016-11-01,"
		当当和小南瓜的万圣节造型！ ​
		",2016-11-2
万圣节;2016-11-01;2016-10-31;2016-11-02;50,553,万圣节,2016-11-01,"
		听说万圣节过了！ |重庆·大同... ​
		",2016-11-2
万圣节;2016-11-01;2016-10-31;2016-11-02;50,554,万圣节,2016-11-01,"
		我对万圣节没感觉 但是好喜欢吉姆这个缺德鬼每年折磨孩子 //@谷大白话:今年鸡毛连自家孩子都没放过。他骗两岁大的女儿说他吃光了万圣节糖果，但女儿的反应出乎他的意料… 视频→ 秒拍视频
",2016-11-2
万圣节;2016-11-01;2016-10-31;2016-11-02;50,555,万圣节,2016-11-01,"
	  一年一度的【我吃光了孩子的万圣节糖果】缺德家长视频大赛又来了！今年已是鸡毛秀连续第六年怂恿家长干这种丧心病狂的事了心疼孩子们，尤其是最后那个小妹妹 【熟肉视频】→ 秒拍视频 ​
	",2016-11-2
万圣节;2016-11-01;2016-10-31;2016-11-02;50,556,万圣节,2016-11-01,"
@-A路人- #万圣节#超开心嗷嗷嗷和落叶同志@落小叶_LIN 一起万圣节 ​
		",2016-11-2
万圣节;2016-11-01;2016-10-31;2016-11-02;50,557,万圣节,2016-11-01,"
		【迟到的万圣节快乐，洋~】帅啊杨，看到这些照片，我才知道我已经迷到你啥程度了，羊毛们我们为杨洋加油，我要520个赞（分享自：爱奇艺泡泡圈）网页链接 网页链接 ​
		",2016-11-2
万圣节;2016-11-01;2016-10-31;2016-11-02;50,558,万圣节,2016-11-01,"
		总是慢半拍，万圣节快乐 |哈尔滨·东... ​
		",2016-11-2
万圣节;2016-11-01;2016-10-31;2016-11-02;50,559,万圣节,2016-11-01,"
		学校万圣节的集体舞 这么拍腿满长的 ​
		",2016-11-2
万圣节;2016-11-01;2016-10-31;2016-11-02;50,560,万圣节,2016-11-01,"
万圣节 ​
		",2016-11-2
万圣节;2016-11-01;2016-10-31;2016-11-02;50,561,万圣节,2016-11-01,"
		我从@秒拍 分享了一个视频-坑娃啊！台湾网络上最火的一个小朋友，打扮成无脸男参加幼儿园万圣节派对，酷到没朋友，小朋友都不敢和他玩 （分享自 @秒拍） 搞笑皮哥的... ​
		",2016-11-2
万圣节;2016-11-01;2016-10-31;2016-11-02;50,562,万圣节,2016-11-01,"
万圣节已过…但我们依旧可以很开心的装扮～喜欢第三张。 ​
		",2016-11-2
万圣节;2016-11-01;2016-10-31;2016-11-02;50,563,万圣节,2016-11-01,"
#四川希望汽车职业学院#实时更新万圣节活动，武术社正在表演中。@车院全媒体 @车院学生会 @四川希望汽车职业学院青协 @四川希望汽车职业学院微博 秒拍视频 . ​
		",2016-11-2
万圣节;2016-11-01;2016-10-31;2016-11-02;50,564,万圣节,2016-11-01,"
万圣节Halloween.这个妆容特别喜欢.Be a Naughty nun. |美国·Manha... ​
		",2016-11-2
万圣节;2016-11-01;2016-10-31;2016-11-02;50,565,万圣节,2016-11-01,"
		告诉我，万圣节改变的意义何在？我还只是个孩子呀！ ​
		",2016-11-2
万圣节;2016-11-01;2016-10-31;2016-11-02;50,566,万圣节,2016-11-01,"
		在自由力量精酿啤酒参加朋友举办的万圣节轰趴，一大堆人倍儿热闹。老板家的啤酒是真正的精酿啤酒，非常好喝。黑啤少了些涩味儿多了些甘甜，能闻得出啤酒清香的味道。他家的酒喝完嗓子不会很干，搭配清爽的下酒菜，是个与友人聚会的好去处。 ​
		",2016-11-2
万圣节;2016-11-01;2016-10-31;2016-11-02;50,567,万圣节,2016-11-01,"
		最近都没什么友情点，大家都不爱无毛了么只能指望万圣节活动收割一波了… ​
		",2016-11-2
万圣节;2016-11-01;2016-10-31;2016-11-02;50,568,万圣节,2016-11-01,"
#四川希望汽车职业学院#万圣节有谁和我一样一个人逛？ |资阳·雁江... ​
		",2016-11-2
万圣节;2016-11-01;2016-10-31;2016-11-02;50,569,万圣节,2016-11-01,"
		努力的幸运儿，越努力越幸运这句话真的不会错，夜晚了，做个面膜🔚美美的一天，这幅样子，出门都会吓着别人吧好像没有过完的万圣节，自拍照一张，你认得出我吗？ |衢州 ​
		",2016-11-2
万圣节;2016-11-01;2016-10-31;2016-11-02;50,570,万圣节,2016-11-01,"
#长隆欢乐万圣节##旋转木马#少女心 ​
		",2016-11-2
万圣节;2016-11-01;2016-10-31;2016-11-02;50,571,万圣节,2016-11-01,"
		2016年的十月欢欢喜喜菲律宾之旅开了个好头儿，在不给糖就捣蛋的Haloween中热热闹闹的结束了，一个字：快；两个字：忒快；和往年一样，幼儿园也搞了个不土不洋的万圣节讨糖活动，咚咚买都挑最大个的买，就是为了能多放点糖，嗨，小朋友的心思啊；时下这中外土洋结合的节日是越来越多了，也越商业了 ​
		",2016-11-2
万圣节;2016-11-01;2016-10-31;2016-11-02;50,572,万圣节,2016-11-01,"
万圣节 男朋友这个样子吓唬自己女朋友， 真的好吗？ 秒拍视频 . ​
		",2016-11-2
万圣节;2016-11-01;2016-10-31;2016-11-02;50,573,万圣节,2016-11-01,"
万圣节忘记了发照片 ​
		",2016-11-2
万圣节;2016-11-01;2016-10-31;2016-11-02;50,574,万圣节,2016-11-01,"
		今天女儿英语兴趣班过万圣节开心极了 |成都·航空... ​
		",2016-11-2
万圣节;2016-11-01;2016-10-31;2016-11-02;50,575,万圣节,2016-11-01,"
		真好，不愧于国际接轨的好学校//【出大事了！四川一高校万圣节化身恐怖王国】 |川一高校万... ​
		",2016-11-2
万圣节;2016-11-01;2016-10-31;2016-11-02;50,576,万圣节,2016-11-01,"
		我吃光了你的万圣节糖果🍬 ​
		",2016-11-2
万圣节;2016-11-01;2016-10-31;2016-11-02;50,577,万圣节,2016-11-01,"
#四川希望汽车职业学院#实时更新万圣节活动，神鬼难测游戏正在火热进行中。@车院全媒体 @车院学生会 @四川希望汽车职业学院青协 @四川希望汽车职业学院微博 ​
		",2016-11-2
万圣节;2016-11-01;2016-10-31;2016-11-02;50,578,万圣节,2016-11-01,"
		有哥哥真好！🙈万圣节礼物满满的糖果．🍬满满的少女心💕 ​
		",2016-11-2
万圣节;2016-11-01;2016-10-31;2016-11-02;50,579,万圣节,2016-11-01,"
		分享视频：一年一度的【我吃光了孩子的万圣节糖果】缺德家长视频大赛又来了！今年已是鸡毛秀连续第六年怂恿家长干这种丧心病狂的事了，心疼孩子们，尤其是最后那个小妹妹 网页链接 (via @即刻) ​
		",2016-11-2
万圣节;2016-11-01;2016-10-31;2016-11-02;50,580,万圣节,2016-11-01,"
		下弦月加迟到的万圣节晚会 ​
		",2016-11-2
万圣节;2016-11-01;2016-10-31;2016-11-02;50,581,万圣节,2016-11-01,"
		迟到的万圣节快乐
",2016-10-31